ID,Price
21100001,375147.0
21100002,1193368.5
21100003,1523871.0
21100004,2180268.0
21100005,2704149.75
21100006,2704149.75
21100007,2704149.75
21100008,2704149.75
21100009,2704149.75
21100010,2704149.75
21100011,2704149.75
21100012,2704149.75
21100013,2704149.75
21100014,2704149.75
21100015,2704149.75
21100016,2704149.75
21100017,2704149.75
21100018,2704149.75
21100019,2704149.75
21100020,2704149.75
21100021,2704149.75
21100022,2704149.75
21100023,2704149.75
21100024,2704149.75
21100025,2704149.75
21100026,2704149.75
21100027,2704149.75
21100028,2704149.75
21100029,2704149.75
21100030,2704149.75
21100031,2704149.75
21100032,2704149.75
21100033,2704149.75
21100034,2704149.75
21100035,2704149.75
21100036,2704149.75
21100037,2704149.75
21100038,2704149.75
21100039,2704149.75
21100040,2704149.75
21100041,2704149.75
21100042,2704149.75
21100043,2704149.75
21100044,2704149.75
21100045,2704149.75
21100046,2704149.75
21100047,2704149.75
21100048,2704149.75
21100049,2704149.75
21100050,2704149.75
21100051,2704149.75
21100052,2704149.75
21100053,2704149.75
21100054,2704149.75
21100055,2704149.75
21100056,2704149.75
21100057,2704149.75
21100058,2704149.75
21100059,2704149.75
21100060,2704149.75
21100061,2704149.75
21100062,2704149.75
21100063,2704149.75
21100064,2704149.75
21100065,2704149.75
21100066,2704149.75
21100067,2704149.75
21100068,2704149.75
21100069,2704149.75
21100070,2704149.75
21100071,2704149.75
21100072,2704149.75
21100073,2704149.75
21100074,2704149.75
21100075,2704149.75
21100076,2704149.75
21100077,2704149.75
21100078,2704149.75
21100079,2704149.75
21100080,2704149.75
21100081,2704149.75
21100082,2704149.75
21100083,2704149.75
21100084,2704149.75
21100085,2704149.75
21100086,2704149.75
21100087,2704149.75
21100088,2704149.75
21100089,2704149.75
21100090,2704149.75
21100091,2704149.75
21100092,2704149.75
21100093,2704149.75
21100094,2704149.75
21100095,2704149.75
21100096,2704149.75
21100097,2704149.75
21100098,2704149.75
21100099,2704149.75
21100100,2704149.75
21100101,2704149.75
21100102,2704149.75
21100103,2704149.75
21100104,2704149.75
21100105,2704149.75
21100106,2704149.75
21100107,2704149.75
21100108,2704149.75
21100109,2704149.75
21100110,2704149.75
21100111,2704149.75
21100112,2704149.75
21100113,2704149.75
21100114,2704149.75
21100115,2704149.75
21100116,2704149.75
21100117,2704149.75
21100118,2704149.75
21100119,2704149.75
21100120,2704149.75
21100121,2704149.75
21100122,2704149.75
21100123,2704149.75
21100124,2704149.75
21100125,2704149.75
21100126,2704149.75
21100127,2704149.75
21100128,2704149.75
21100129,2704149.75
21100130,2704149.75
21100131,2704149.75
21100132,2704149.75
21100133,2704149.75
21100134,2704149.75
21100135,2704149.75
21100136,2704149.75
21100137,2704149.75
21100138,2704149.75
21100139,2704149.75
21100140,2704149.75
21100141,2704149.75
21100142,2704149.75
21100143,2704149.75
21100144,2704149.75
21100145,2704149.75
21100146,2704149.75
21100147,2704149.75
21100148,2704149.75
21100149,2704149.75
21100150,2704149.75
21100151,2704149.75
21100152,2704149.75
21100153,2704149.75
21100154,2704149.75
21100155,2704149.75
21100156,2704149.75
21100157,2704149.75
21100158,2704149.75
21100159,2704149.75
21100160,2704149.75
21100161,2704149.75
21100162,2704149.75
21100163,2704149.75
21100164,2704149.75
21100165,2704149.75
21100166,2704149.75
21100167,2704149.75
21100168,2704149.75
21100169,2704149.75
21100170,2704149.75
21100171,2704149.75
21100172,2704149.75
21100173,2704149.75
21100174,2704149.75
21100175,2704149.75
21100176,2704149.75
21100177,2704149.75
21100178,2704149.75
21100179,2704149.75
21100180,2704149.75
21100181,2704149.75
21100182,2704149.75
21100183,2704149.75
21100184,2704149.75
21100185,2704149.75
21100186,2704149.75
21100187,2704149.75
21100188,2704149.75
21100189,2704149.75
21100190,2704149.75
21100191,2704149.75
21100192,2704149.75
21100193,2704149.75
21100194,2704149.75
21100195,2704149.75
21100196,2704149.75
21100197,2704149.75
21100198,2704149.75
21100199,2704149.75
21100200,2704149.75
21100201,2704149.75
21100202,2704149.75
21100203,2704149.75
21100204,2704149.75
21100205,2704149.75
21100206,2704149.75
21100207,2704149.75
21100208,2704149.75
21100209,2704149.75
21100210,2704149.75
21100211,2704149.75
21100212,2704149.75
21100213,2704149.75
21100214,2704149.75
21100215,2704149.75
21100216,2704149.75
21100217,2704149.75
21100218,2704149.75
21100219,2704149.75
21100220,2704149.75
21100221,2704149.75
21100222,2704149.75
21100223,2704149.75
21100224,2704149.75
21100225,2704149.75
21100226,2704149.75
21100227,2704149.75
21100228,2704149.75
21100229,2704149.75
21100230,2704149.75
21100231,2704149.75
21100232,2704149.75
21100233,2704149.75
21100234,2704149.75
21100235,2704149.75
21100236,2704149.75
21100237,2704149.75
21100238,2704149.75
21100239,2704149.75
21100240,2704149.75
21100241,2704149.75
21100242,2704149.75
21100243,2704149.75
21100244,2704149.75
21100245,2704149.75
21100246,2704149.75
21100247,2704149.75
21100248,2704149.75
21100249,2704149.75
21100250,2704149.75
21100251,2704149.75
21100252,2704149.75
21100253,2704149.75
21100254,2704149.75
21100255,2704149.75
21100256,2704149.75
21100257,2704149.75
21100258,2704149.75
21100259,2704149.75
21100260,2704149.75
21100261,2704149.75
21100262,2704149.75
21100263,2704149.75
21100264,2704149.75
21100265,2704149.75
21100266,2704149.75
21100267,2704149.75
21100268,2704149.75
21100269,2704149.75
21100270,2704149.75
21100271,2704149.75
21100272,2704149.75
21100273,2704149.75
21100274,2704149.75
21100275,2704149.75
21100276,2704149.75
21100277,2704149.75
21100278,2704149.75
21100279,2704149.75
21100280,2704149.75
21100281,2704149.75
21100282,2704149.75
21100283,2704149.75
21100284,2704149.75
21100285,2704149.75
21100286,2704149.75
21100287,2704149.75
21100288,2704149.75
21100289,2704149.75
21100290,2704149.75
21100291,2704149.75
21100292,2704149.75
21100293,2704149.75
21100294,2704149.75
21100295,2704149.75
21100296,2704149.75
21100297,2704149.75
21100298,2704149.75
21100299,2704149.75
21100300,2704149.75
21100301,2704149.75
21100302,2704149.75
21100303,2704149.75
21100304,2704149.75
21100305,2704149.75
21100306,2704149.75
21100307,2704149.75
21100308,2704149.75
21100309,2704149.75
21100310,2704149.75
21100311,2704149.75
21100312,2704149.75
21100313,2704149.75
21100314,2704149.75
21100315,2704149.75
21100316,2704149.75
21100317,2704149.75
21100318,2704149.75
21100319,2704149.75
21100320,2704149.75
21100321,2704149.75
21100322,2704149.75
21100323,2704149.75
21100324,2704149.75
21100325,2704149.75
21100326,2704149.75
21100327,2704149.75
21100328,2704149.75
21100329,2704149.75
21100330,2704149.75
21100331,2704149.75
21100332,2704149.75
21100333,2704149.75
21100334,2704149.75
21100335,2704149.75
21100336,2704149.75
21100337,2704149.75
21100338,2704149.75
21100339,2704149.75
21100340,2704149.75
21100341,2704149.75
21100342,2704149.75
21100343,2704149.75
21100344,2704149.75
21100345,2704149.75
21100346,2704149.75
21100347,2704149.75
21100348,2704149.75
21100349,2704149.75
21100350,2704149.75
21100351,2704149.75
21100352,2704149.75
21100353,2704149.75
21100354,2704149.75
21100355,2704149.75
21100356,2704149.75
21100357,2704149.75
21100358,2704149.75
21100359,2704149.75
21100360,2704149.75
21100361,2704149.75
21100362,2704149.75
21100363,2704149.75
21100364,2704149.75
21100365,2704149.75
21100366,2704149.75
21100367,2704149.75
21100368,2704149.75
21100369,2704149.75
21100370,2704149.75
21100371,2704149.75
21100372,2704149.75
21100373,2704149.75
21100374,2704149.75
21100375,2704149.75
21100376,2704149.75
21100377,2704149.75
21100378,2704149.75
21100379,2704149.75
21100380,2704149.75
21100381,2704149.75
21100382,2704149.75
21100383,2704149.75
21100384,2704149.75
21100385,2704149.75
21100386,2704149.75
21100387,2704149.75
21100388,2704149.75
21100389,2704149.75
21100390,2704149.75
21100391,2704149.75
21100392,2704149.75
21100393,2704149.75
21100394,2704149.75
21100395,2704149.75
21100396,2704149.75
21100397,2704149.75
21100398,2704149.75
21100399,2704149.75
21100400,2704149.75
21100401,2704149.75
21100402,2704149.75
21100403,2704149.75
21100404,2704149.75
21100405,2704149.75
21100406,2704149.75
21100407,2704149.75
21100408,2704149.75
21100409,2704149.75
21100410,2704149.75
21100411,2704149.75
21100412,2704149.75
21100413,2704149.75
21100414,2704149.75
21100415,2704149.75
21100416,2704149.75
21100417,2704149.75
21100418,2704149.75
21100419,2704149.75
21100420,2704149.75
21100421,2704149.75
21100422,2704149.75
21100423,2704149.75
21100424,2704149.75
21100425,2704149.75
21100426,2704149.75
21100427,2704149.75
21100428,2704149.75
21100429,2704149.75
21100430,2704149.75
21100431,2704149.75
21100432,2704149.75
21100433,2704149.75
21100434,2704149.75
21100435,2704149.75
21100436,2704149.75
21100437,2704149.75
21100438,2704149.75
21100439,2704149.75
21100440,2704149.75
21100441,2704149.75
21100442,2704149.75
21100443,2704149.75
21100444,2704149.75
21100445,2704149.75
21100446,2704149.75
21100447,2704149.75
21100448,2704149.75
21100449,2704149.75
21100450,2704149.75
21100451,2704149.75
21100452,2704149.75
21100453,2704149.75
21100454,2704149.75
21100455,2704149.75
21100456,2704149.75
21100457,2704149.75
21100458,2704149.75
21100459,2704149.75
21100460,2704149.75
21100461,2704149.75
21100462,2704149.75
21100463,2704149.75
21100464,2704149.75
21100465,2704149.75
21100466,2704149.75
21100467,2704149.75
21100468,2704149.75
21100469,2704149.75
21100470,2704149.75
21100471,2704149.75
21100472,2704149.75
21100473,2704149.75
21100474,2704149.75
21100475,2704149.75
21100476,2704149.75
21100477,2704149.75
21100478,2704149.75
21100479,2704149.75
21100480,2704149.75
21100481,2704149.75
21100482,2704149.75
21100483,2704149.75
21100484,2704149.75
21100485,2704149.75
21100486,2704149.75
21100487,2704149.75
21100488,2704149.75
21100489,2704149.75
21100490,2704149.75
21100491,2704149.75
21100492,2704149.75
21100493,2704149.75
21100494,2704149.75
21100495,2704149.75
21100496,2704149.75
21100497,2704149.75
21100498,2704149.75
21100499,2704149.75
21100500,2704149.75
21100501,2704149.75
21100502,2704149.75
21100503,2704149.75
21100504,2704149.75
21100505,2704149.75
21100506,2704149.75
21100507,2704149.75
21100508,2704149.75
21100509,2704149.75
21100510,2704149.75
21100511,2704149.75
21100512,2704149.75
21100513,2704149.75
21100514,2704149.75
21100515,2704149.75
21100516,2704149.75
21100517,2704149.75
21100518,2704149.75
21100519,2704149.75
21100520,2704149.75
21100521,2704149.75
21100522,2704149.75
21100523,2704149.75
21100524,2704149.75
21100525,2704149.75
21100526,2704149.75
21100527,2704149.75
21100528,2704149.75
21100529,2704149.75
21100530,2704149.75
21100531,2704149.75
21100532,2704149.75
21100533,2704149.75
21100534,2704149.75
21100535,2704149.75
21100536,2704149.75
21100537,2704149.75
21100538,2704149.75
21100539,2704149.75
21100540,2704149.75
21100541,2704149.75
21100542,2704149.75
21100543,2704149.75
21100544,2704149.75
21100545,2704149.75
21100546,2704149.75
21100547,2704149.75
21100548,2704149.75
21100549,2704149.75
21100550,2704149.75
21100551,2704149.75
21100552,2704149.75
21100553,2704149.75
21100554,2704149.75
21100555,2704149.75
21100556,2704149.75
21100557,2704149.75
21100558,2704149.75
21100559,2704149.75
21100560,2704149.75
21100561,2704149.75
21100562,2704149.75
21100563,2704149.75
21100564,2704149.75
21100565,2704149.75
21100566,2704149.75
21100567,2704149.75
21100568,2704149.75
21100569,2704149.75
21100570,2704149.75
21100571,2704149.75
21100572,2704149.75
21100573,2704149.75
21100574,2704149.75
21100575,2704149.75
21100576,2704149.75
21100577,2704149.75
21100578,2704149.75
21100579,2704149.75
21100580,2704149.75
21100581,2704149.75
21100582,2704149.75
21100583,2704149.75
21100584,2704149.75
21100585,2704149.75
21100586,2704149.75
21100587,2704149.75
21100588,2704149.75
21100589,2704149.75
21100590,2704149.75
21100591,2704149.75
21100592,2704149.75
21100593,2704149.75
21100594,2704149.75
21100595,2704149.75
21100596,2704149.75
21100597,2704149.75
21100598,2704149.75
21100599,2704149.75
21100600,2704149.75
21100601,2704149.75
21100602,2704149.75
21100603,2704149.75
21100604,2704149.75
21100605,2704149.75
21100606,2704149.75
21100607,2704149.75
21100608,2704149.75
21100609,2704149.75
21100610,2704149.75
21100611,2704149.75
21100612,2704149.75
21100613,2704149.75
21100614,2704149.75
21100615,2704149.75
21100616,2704149.75
21100617,2704149.75
21100618,2704149.75
21100619,2704149.75
21100620,2704149.75
21100621,2704149.75
21100622,2704149.75
21100623,2704149.75
21100624,2704149.75
21100625,2704149.75
21100626,2704149.75
21100627,2704149.75
21100628,2704149.75
21100629,2704149.75
21100630,2704149.75
21100631,2704149.75
21100632,2704149.75
21100633,2704149.75
21100634,2704149.75
21100635,2704149.75
21100636,2704149.75
21100637,2704149.75
21100638,2704149.75
21100639,2704149.75
21100640,2704149.75
21100641,2704149.75
21100642,2704149.75
21100643,2704149.75
21100644,2704149.75
21100645,2704149.75
21100646,2704149.75
21100647,2704149.75
21100648,2704149.75
21100649,2704149.75
21100650,2704149.75
21100651,2704149.75
21100652,2704149.75
21100653,2704149.75
21100654,2704149.75
21100655,2704149.75
21100656,2704149.75
21100657,2704149.75
21100658,2704149.75
21100659,2704149.75
21100660,2704149.75
21100661,2704149.75
21100662,2704149.75
21100663,2704149.75
21100664,2704149.75
21100665,2704149.75
21100666,2704149.75
21100667,2704149.75
21100668,2704149.75
21100669,2704149.75
21100670,2704149.75
21100671,2704149.75
21100672,2704149.75
21100673,2704149.75
21100674,2704149.75
21100675,2704149.75
21100676,2704149.75
21100677,2704149.75
21100678,2704149.75
21100679,2704149.75
21100680,2704149.75
21100681,2704149.75
21100682,2704149.75
21100683,2704149.75
21100684,2704149.75
21100685,2704149.75
21100686,2704149.75
21100687,2704149.75
21100688,2704149.75
21100689,2704149.75
21100690,2704149.75
21100691,2704149.75
21100692,2704149.75
21100693,2704149.75
21100694,2704149.75
21100695,2704149.75
21100696,2704149.75
21100697,2704149.75
21100698,2704149.75
21100699,2704149.75
21100700,2704149.75
21100701,2704149.75
21100702,2704149.75
21100703,2704149.75
21100704,2704149.75
21100705,2704149.75
21100706,2704149.75
21100707,2704149.75
21100708,2704149.75
21100709,2704149.75
21100710,2704149.75
21100711,2704149.75
21100712,2704149.75
21100713,2704149.75
21100714,2704149.75
21100715,2704149.75
21100716,2704149.75
21100717,2704149.75
21100718,2704149.75
21100719,2704149.75
21100720,2704149.75
21100721,2704149.75
21100722,2704149.75
21100723,2704149.75
21100724,2704149.75
21100725,2704149.75
21100726,2704149.75
21100727,2704149.75
21100728,2704149.75
21100729,2704149.75
21100730,2704149.75
21100731,2704149.75
21100732,2704149.75
21100733,2704149.75
21100734,2704149.75
21100735,2704149.75
21100736,2704149.75
21100737,2704149.75
21100738,2704149.75
21100739,2704149.75
21100740,2704149.75
21100741,2704149.75
21100742,2704149.75
21100743,2704149.75
21100744,2704149.75
21100745,2704149.75
21100746,2704149.75
21100747,2704149.75
21100748,2704149.75
21100749,2704149.75
21100750,2704149.75
21100751,2704149.75
21100752,2704149.75
21100753,2704149.75
21100754,2704149.75
21100755,2704149.75
21100756,2704149.75
21100757,2704149.75
21100758,2704149.75
21100759,2704149.75
21100760,2704149.75
21100761,2704149.75
21100762,2704149.75
21100763,2704149.75
21100764,2704149.75
21100765,2704149.75
21100766,2704149.75
21100767,2704149.75
21100768,2704149.75
21100769,2704149.75
21100770,2704149.75
21100771,2704149.75
21100772,2704149.75
21100773,2704149.75
21100774,2704149.75
21100775,2704149.75
21100776,2704149.75
21100777,2704149.75
21100778,2704149.75
21100779,2704149.75
21100780,2704149.75
21100781,2704149.75
21100782,2704149.75
21100783,2704149.75
21100784,2704149.75
21100785,2704149.75
21100786,2704149.75
21100787,2704149.75
21100788,2704149.75
21100789,2704149.75
21100790,2704149.75
21100791,2704149.75
21100792,2704149.75
21100793,2704149.75
21100794,2704149.75
21100795,2704149.75
21100796,2704149.75
21100797,2704149.75
21100798,2704149.75
21100799,2704149.75
21100800,2704149.75
21100801,2704149.75
21100802,2704149.75
21100803,2704149.75
21100804,2704149.75
21100805,2704149.75
21100806,2704149.75
21100807,2704149.75
21100808,2704149.75
21100809,2704149.75
21100810,2704149.75
21100811,2704149.75
21100812,2704149.75
21100813,2704149.75
21100814,2704149.75
21100815,2704149.75
21100816,2704149.75
21100817,2704149.75
21100818,2704149.75
21100819,2704149.75
21100820,2704149.75
21100821,2704149.75
21100822,2704149.75
21100823,2704149.75
21100824,2704149.75
21100825,2704149.75
21100826,2704149.75
21100827,2704149.75
21100828,2704149.75
21100829,2704149.75
21100830,2704149.75
21100831,2704149.75
21100832,2704149.75
21100833,2704149.75
21100834,2704149.75
21100835,2704149.75
21100836,2704149.75
21100837,2704149.75
21100838,2704149.75
21100839,2704149.75
21100840,2704149.75
21100841,2704149.75
21100842,2704149.75
21100843,2704149.75
21100844,2704149.75
21100845,2704149.75
21100846,2704149.75
21100847,2704149.75
21100848,2704149.75
21100849,2704149.75
21100850,2704149.75
21100851,2704149.75
21100852,2704149.75
21100853,2704149.75
21100854,2704149.75
21100855,2704149.75
21100856,2704149.75
21100857,2704149.75
21100858,2704149.75
21100859,2704149.75
21100860,2704149.75
21100861,2704149.75
21100862,2704149.75
21100863,2704149.75
21100864,2704149.75
21100865,2704149.75
21100866,2704149.75
21100867,2704149.75
21100868,2704149.75
21100869,2704149.75
21100870,2704149.75
21100871,2704149.75
21100872,2704149.75
21100873,2704149.75
21100874,2704149.75
21100875,2704149.75
21100876,2704149.75
21100877,2704149.75
21100878,2704149.75
21100879,2704149.75
21100880,2704149.75
21100881,2704149.75
21100882,2704149.75
21100883,2704149.75
21100884,2704149.75
21100885,2704149.75
21100886,2704149.75
21100887,2704149.75
21100888,2704149.75
21100889,2704149.75
21100890,2704149.75
21100891,2704149.75
21100892,2704149.75
21100893,2704149.75
21100894,2704149.75
21100895,2704149.75
21100896,2704149.75
21100897,2704149.75
21100898,2704149.75
21100899,2704149.75
21100900,2704149.75
21100901,2704149.75
21100902,2704149.75
21100903,2704149.75
21100904,2704149.75
21100905,2704149.75
21100906,2704149.75
21100907,2704149.75
21100908,2704149.75
21100909,2704149.75
21100910,2704149.75
21100911,2704149.75
21100912,2704149.75
21100913,2704149.75
21100914,2704149.75
21100915,2704149.75
21100916,2704149.75
21100917,2704149.75
21100918,2704149.75
21100919,2704149.75
21100920,2704149.75
21100921,2704149.75
21100922,2704149.75
21100923,2704149.75
21100924,2704149.75
21100925,2704149.75
21100926,2704149.75
21100927,2704149.75
21100928,2704149.75
21100929,2704149.75
21100930,2704149.75
21100931,2704149.75
21100932,2704149.75
21100933,2704149.75
21100934,2704149.75
21100935,2704149.75
21100936,2704149.75
21100937,2704149.75
21100938,2704149.75
21100939,2704149.75
21100940,2704149.75
21100941,2704149.75
21100942,2704149.75
21100943,2704149.75
21100944,2704149.75
21100945,2704149.75
21100946,2704149.75
21100947,2704149.75
21100948,2704149.75
21100949,2704149.75
21100950,2704149.75
21100951,2704149.75
21100952,2704149.75
21100953,2704149.75
21100954,2704149.75
21100955,2704149.75
21100956,2704149.75
21100957,2704149.75
21100958,2704149.75
21100959,2704149.75
21100960,2704149.75
21100961,2704149.75
21100962,2704149.75
21100963,2704149.75
21100964,2704149.75
21100965,2704149.75
21100966,2704149.75
21100967,2704149.75
21100968,2704149.75
21100969,2704149.75
21100970,2704149.75
21100971,2704149.75
21100972,2704149.75
21100973,2704149.75
21100974,2704149.75
21100975,2704149.75
21100976,2704149.75
21100977,2704149.75
21100978,2704149.75
21100979,2704149.75
21100980,2704149.75
21100981,2704149.75
21100982,2704149.75
21100983,2704149.75
21100984,2704149.75
21100985,2704149.75
21100986,2704149.75
21100987,2704149.75
21100988,2704149.75
21100989,2704149.75
21100990,2704149.75
21100991,2704149.75
21100992,2704149.75
21100993,2704149.75
21100994,2704149.75
21100995,2704149.75
21100996,2704149.75
21100997,2704149.75
21100998,2704149.75
21100999,2704149.75
21101000,2704149.75
21101001,2704149.75
21101002,2704149.75
21101003,2704149.75
21101004,2704149.75
21101005,2704149.75
21101006,2704149.75
21101007,2704149.75
21101008,2704149.75
21101009,2704149.75
21101010,2704149.75
21101011,2704149.75
21101012,2704149.75
21101013,2704149.75
21101014,2704149.75
21101015,2704149.75
21101016,2704149.75
21101017,2704149.75
21101018,2704149.75
21101019,2704149.75
21101020,2704149.75
21101021,2704149.75
21101022,2704149.75
21101023,2704149.75
21101024,2704149.75
21101025,2704149.75
21101026,2704149.75
21101027,2704149.75
21101028,2704149.75
21101029,2704149.75
21101030,2704149.75
21101031,2704149.75
21101032,2704149.75
21101033,2704149.75
21101034,2704149.75
21101035,2704149.75
21101036,2704149.75
21101037,2704149.75
21101038,2704149.75
21101039,2704149.75
21101040,2704149.75
21101041,2704149.75
21101042,2704149.75
21101043,2704149.75
21101044,2704149.75
21101045,2704149.75
21101046,2704149.75
21101047,2704149.75
21101048,2704149.75
21101049,2704149.75
21101050,2704149.75
21101051,2704149.75
21101052,2704149.75
21101053,2704149.75
21101054,2704149.75
21101055,2704149.75
21101056,2704149.75
21101057,2704149.75
21101058,2704149.75
21101059,2704149.75
21101060,2704149.75
21101061,2704149.75
21101062,2704149.75
21101063,2704149.75
21101064,2704149.75
21101065,2704149.75
21101066,2704149.75
21101067,2704149.75
21101068,2704149.75
21101069,2704149.75
21101070,2704149.75
21101071,2704149.75
21101072,2704149.75
21101073,2704149.75
21101074,2704149.75
21101075,2704149.75
21101076,2704149.75
21101077,2704149.75
21101078,2704149.75
21101079,2704149.75
21101080,2704149.75
21101081,2704149.75
21101082,2704149.75
21101083,2704149.75
21101084,2704149.75
21101085,2704149.75
21101086,2704149.75
21101087,2704149.75
21101088,2704149.75
21101089,2704149.75
21101090,2704149.75
21101091,2704149.75
21101092,2704149.75
21101093,2704149.75
21101094,2704149.75
21101095,2704149.75
21101096,2704149.75
21101097,2704149.75
21101098,2704149.75
21101099,2704149.75
21101100,2704149.75
21101101,2704149.75
21101102,2704149.75
21101103,2704149.75
21101104,2704149.75
21101105,2704149.75
21101106,2704149.75
21101107,2704149.75
21101108,2704149.75
21101109,2704149.75
21101110,2704149.75
21101111,2704149.75
21101112,2704149.75
21101113,2704149.75
21101114,2704149.75
21101115,2704149.75
21101116,2704149.75
21101117,2704149.75
21101118,2704149.75
21101119,2704149.75
21101120,2704149.75
21101121,2704149.75
21101122,2704149.75
21101123,2704149.75
21101124,2704149.75
21101125,2704149.75
21101126,2704149.75
21101127,2704149.75
21101128,2704149.75
21101129,2704149.75
21101130,2704149.75
21101131,2704149.75
21101132,2704149.75
21101133,2704149.75
21101134,2704149.75
21101135,2704149.75
21101136,2704149.75
21101137,2704149.75
21101138,2704149.75
21101139,2704149.75
21101140,2704149.75
21101141,2704149.75
21101142,2704149.75
21101143,2704149.75
21101144,2704149.75
21101145,2704149.75
21101146,2704149.75
21101147,2704149.75
21101148,2704149.75
21101149,2704149.75
21101150,2704149.75
21101151,2704149.75
21101152,2704149.75
21101153,2704149.75
21101154,2704149.75
21101155,2704149.75
21101156,2704149.75
21101157,2704149.75
21101158,2704149.75
21101159,2704149.75
21101160,2704149.75
21101161,2704149.75
21101162,2704149.75
21101163,2704149.75
21101164,2704149.75
21101165,2704149.75
21101166,2704149.75
21101167,2704149.75
21101168,2704149.75
21101169,2704149.75
21101170,2704149.75
21101171,2704149.75
21101172,2704149.75
21101173,2704149.75
21101174,2704149.75
21101175,2704149.75
21101176,2704149.75
21101177,2704149.75
21101178,2704149.75
21101179,2704149.75
21101180,2704149.75
21101181,2704149.75
21101182,2704149.75
21101183,2704149.75
21101184,2704149.75
21101185,2704149.75
21101186,2704149.75
21101187,2704149.75
21101188,2704149.75
21101189,2704149.75
21101190,2704149.75
21101191,2704149.75
21101192,2704149.75
21101193,2704149.75
21101194,2704149.75
21101195,2704149.75
21101196,2704149.75
21101197,2704149.75
21101198,2704149.75
21101199,2704149.75
21101200,2704149.75
21101201,2704149.75
21101202,2704149.75
21101203,2704149.75
21101204,2704149.75
21101205,2704149.75
21101206,2704149.75
21101207,2704149.75
21101208,2704149.75
21101209,2704149.75
21101210,2704149.75
21101211,2704149.75
21101212,2704149.75
21101213,2704149.75
21101214,2704149.75
21101215,2704149.75
21101216,2704149.75
21101217,2704149.75
21101218,2704149.75
21101219,2704149.75
21101220,2704149.75
21101221,2704149.75
21101222,2704149.75
21101223,2704149.75
21101224,2704149.75
21101225,2704149.75
21101226,2704149.75
21101227,2704149.75
21101228,2704149.75
21101229,2704149.75
21101230,2704149.75
21101231,2704149.75
21101232,2704149.75
21101233,2704149.75
21101234,2704149.75
21101235,2704149.75
21101236,2704149.75
21101237,2704149.75
21101238,2704149.75
21101239,2704149.75
21101240,2704149.75
21101241,2704149.75
21101242,2704149.75
21101243,2704149.75
21101244,2704149.75
21101245,2704149.75
21101246,2704149.75
21101247,2704149.75
21101248,2704149.75
21101249,2704149.75
21101250,2704149.75
21101251,2704149.75
21101252,2704149.75
21101253,2704149.75
21101254,2704149.75
21101255,2704149.75
21101256,2704149.75
21101257,2704149.75
21101258,2704149.75
21101259,2704149.75
21101260,2704149.75
21101261,2704149.75
21101262,2704149.75
21101263,2704149.75
21101264,2704149.75
21101265,2704149.75
21101266,2704149.75
21101267,2704149.75
21101268,2704149.75
21101269,2704149.75
21101270,2704149.75
21101271,2704149.75
21101272,2704149.75
21101273,2704149.75
21101274,2704149.75
21101275,2704149.75
21101276,2704149.75
21101277,2704149.75
21101278,2704149.75
21101279,2704149.75
21101280,2704149.75
21101281,2704149.75
21101282,2704149.75
21101283,2704149.75
21101284,2704149.75
21101285,2704149.75
21101286,2704149.75
21101287,2704149.75
21101288,2704149.75
21101289,2704149.75
21101290,2704149.75
21101291,2704149.75
21101292,2704149.75
21101293,2704149.75
21101294,2704149.75
21101295,2704149.75
21101296,2704149.75
21101297,2704149.75
21101298,2704149.75
21101299,2704149.75
21101300,2704149.75
21101301,2704149.75
21101302,2704149.75
21101303,2704149.75
21101304,2704149.75
21101305,2704149.75
21101306,2704149.75
21101307,2704149.75
21101308,2704149.75
21101309,2704149.75
21101310,2704149.75
21101311,2704149.75
21101312,2704149.75
21101313,2704149.75
21101314,2704149.75
21101315,2704149.75
21101316,2704149.75
21101317,2704149.75
21101318,2704149.75
21101319,2704149.75
21101320,2704149.75
21101321,2704149.75
21101322,2704149.75
21101323,2704149.75
21101324,2704149.75
21101325,2704149.75
21101326,2704149.75
21101327,2704149.75
21101328,2704149.75
21101329,2704149.75
21101330,2704149.75
21101331,2704149.75
21101332,2704149.75
21101333,2704149.75
21101334,2704149.75
21101335,2704149.75
21101336,2704149.75
21101337,2704149.75
21101338,2704149.75
21101339,2704149.75
21101340,2704149.75
21101341,2704149.75
21101342,2704149.75
21101343,2704149.75
21101344,2704149.75
21101345,2704149.75
21101346,2704149.75
21101347,2704149.75
21101348,2704149.75
21101349,2704149.75
21101350,2704149.75
21101351,2704149.75
21101352,2704149.75
21101353,2704149.75
21101354,2704149.75
21101355,2704149.75
21101356,2704149.75
21101357,2704149.75
21101358,2704149.75
21101359,2704149.75
21101360,2704149.75
21101361,2704149.75
21101362,2704149.75
21101363,2704149.75
21101364,2704149.75
21101365,2704149.75
21101366,2704149.75
21101367,2704149.75
21101368,2704149.75
21101369,2704149.75
21101370,2704149.75
21101371,2704149.75
21101372,2704149.75
21101373,2704149.75
21101374,2704149.75
21101375,2704149.75
21101376,2704149.75
21101377,2704149.75
21101378,2704149.75
21101379,2704149.75
21101380,2704149.75
21101381,2704149.75
21101382,2704149.75
21101383,2704149.75
21101384,2704149.75
21101385,2704149.75
21101386,2704149.75
21101387,2704149.75
21101388,2704149.75
21101389,2704149.75
21101390,2704149.75
21101391,2704149.75
21101392,2704149.75
21101393,2704149.75
21101394,2704149.75
21101395,2704149.75
21101396,2704149.75
21101397,2704149.75
21101398,2704149.75
21101399,2704149.75
21101400,2704149.75
21101401,2704149.75
21101402,2704149.75
21101403,2704149.75
21101404,2704149.75
21101405,2704149.75
21101406,2704149.75
21101407,2704149.75
21101408,2704149.75
21101409,2704149.75
21101410,2704149.75
21101411,2704149.75
21101412,2704149.75
21101413,2704149.75
21101414,2704149.75
21101415,2704149.75
21101416,2704149.75
21101417,2704149.75
21101418,2704149.75
21101419,2704149.75
21101420,2704149.75
21101421,2704149.75
21101422,2704149.75
21101423,2704149.75
21101424,2704149.75
21101425,2704149.75
21101426,2704149.75
21101427,2704149.75
21101428,2704149.75
21101429,2704149.75
21101430,2704149.75
21101431,2704149.75
21101432,2704149.75
21101433,2704149.75
21101434,2704149.75
21101435,2704149.75
21101436,2704149.75
21101437,2704149.75
21101438,2704149.75
21101439,2704149.75
21101440,2704149.75
21101441,2704149.75
21101442,2704149.75
21101443,2704149.75
21101444,2704149.75
21101445,2704149.75
21101446,2704149.75
21101447,2704149.75
21101448,2704149.75
21101449,2704149.75
21101450,2704149.75
21101451,2704149.75
21101452,2704149.75
21101453,2704149.75
21101454,2704149.75
21101455,2704149.75
21101456,2704149.75
21101457,2704149.75
21101458,2704149.75
21101459,2704149.75
21101460,2704149.75
21101461,2704149.75
21101462,2704149.75
21101463,2704149.75
21101464,2704149.75
21101465,2704149.75
21101466,2704149.75
21101467,2704149.75
21101468,2704149.75
21101469,2704149.75
21101470,2704149.75
21101471,2704149.75
21101472,2704149.75
21101473,2704149.75
21101474,2704149.75
21101475,2704149.75
21101476,2704149.75
21101477,2704149.75
21101478,2704149.75
21101479,2704149.75
21101480,2704149.75
21101481,2704149.75
21101482,2704149.75
21101483,2704149.75
21101484,2704149.75
21101485,2704149.75
21101486,2704149.75
21101487,2704149.75
21101488,2704149.75
21101489,2704149.75
21101490,2704149.75
21101491,2704149.75
21101492,2704149.75
21101493,2704149.75
21101494,2704149.75
21101495,2704149.75
21101496,2704149.75
21101497,2704149.75
21101498,2704149.75
21101499,2704149.75
21101500,2704149.75
21101501,2704149.75
21101502,2704149.75
21101503,2704149.75
21101504,2704149.75
21101505,2704149.75
21101506,2704149.75
21101507,2704149.75
21101508,2704149.75
21101509,2704149.75
21101510,2704149.75
21101511,2704149.75
21101512,2704149.75
21101513,2704149.75
21101514,2704149.75
21101515,2704149.75
21101516,2704149.75
21101517,2704149.75
21101518,2704149.75
21101519,2704149.75
21101520,2704149.75
21101521,2704149.75
21101522,2704149.75
21101523,2704149.75
21101524,2704149.75
21101525,2704149.75
21101526,2704149.75
21101527,2704149.75
21101528,2704149.75
21101529,2704149.75
21101530,2704149.75
21101531,2704149.75
21101532,2704149.75
21101533,2704149.75
21101534,2704149.75
21101535,2704149.75
21101536,2704149.75
21101537,2704149.75
21101538,2704149.75
21101539,2704149.75
21101540,2704149.75
21101541,2704149.75
21101542,2704149.75
21101543,2704149.75
21101544,2704149.75
21101545,2704149.75
21101546,2704149.75
21101547,2704149.75
21101548,2704149.75
21101549,2704149.75
21101550,2704149.75
21101551,2704149.75
21101552,2704149.75
21101553,2704149.75
21101554,2704149.75
21101555,2704149.75
21101556,2704149.75
21101557,2704149.75
21101558,2704149.75
21101559,2704149.75
21101560,2704149.75
21101561,2704149.75
21101562,2704149.75
21101563,2704149.75
21101564,2704149.75
21101565,2704149.75
21101566,2704149.75
21101567,2704149.75
21101568,2704149.75
21101569,2704149.75
21101570,2704149.75
21101571,2704149.75
21101572,2704149.75
21101573,2704149.75
21101574,2704149.75
21101575,2704149.75
21101576,2704149.75
21101577,2704149.75
21101578,2704149.75
21101579,2704149.75
21101580,2704149.75
21101581,2704149.75
21101582,2704149.75
21101583,2704149.75
21101584,2704149.75
21101585,2704149.75
21101586,2704149.75
21101587,2704149.75
21101588,2704149.75
21101589,2704149.75
21101590,2704149.75
21101591,2704149.75
21101592,2704149.75
21101593,2704149.75
21101594,2704149.75
21101595,2704149.75
21101596,2704149.75
21101597,2704149.75
21101598,2704149.75
21101599,2704149.75
21101600,2704149.75
21101601,2704149.75
21101602,2704149.75
21101603,2704149.75
21101604,2704149.75
21101605,2704149.75
21101606,2704149.75
21101607,2704149.75
21101608,2704149.75
21101609,2704149.75
21101610,2704149.75
21101611,2704149.75
21101612,2704149.75
21101613,2704149.75
21101614,2704149.75
21101615,2704149.75
21101616,2704149.75
21101617,2704149.75
21101618,2704149.75
21101619,2704149.75
21101620,2704149.75
21101621,2704149.75
21101622,2704149.75
21101623,2704149.75
21101624,2704149.75
21101625,2704149.75
21101626,2704149.75
21101627,2704149.75
21101628,2704149.75
21101629,2704149.75
21101630,2704149.75
21101631,2704149.75
21101632,2704149.75
21101633,2704149.75
21101634,2704149.75
21101635,2704149.75
21101636,2704149.75
21101637,2704149.75
21101638,2704149.75
21101639,2704149.75
21101640,2704149.75
21101641,2704149.75
21101642,2704149.75
21101643,2704149.75
21101644,2704149.75
21101645,2704149.75
21101646,2704149.75
21101647,2704149.75
21101648,2704149.75
21101649,2704149.75
21101650,2704149.75
21101651,2704149.75
21101652,2704149.75
21101653,2704149.75
21101654,2704149.75
21101655,2704149.75
21101656,2704149.75
21101657,2704149.75
21101658,2704149.75
21101659,2704149.75
21101660,2704149.75
21101661,2704149.75
21101662,2704149.75
21101663,2704149.75
21101664,2704149.75
21101665,2704149.75
21101666,2704149.75
21101667,2704149.75
21101668,2704149.75
21101669,2704149.75
21101670,2704149.75
21101671,2704149.75
21101672,2704149.75
21101673,2704149.75
21101674,2704149.75
21101675,2704149.75
21101676,2704149.75
21101677,2704149.75
21101678,2704149.75
21101679,2704149.75
21101680,2704149.75
21101681,2704149.75
21101682,2704149.75
21101683,2704149.75
21101684,2704149.75
21101685,2704149.75
21101686,2704149.75
21101687,2704149.75
21101688,2704149.75
21101689,2704149.75
21101690,2704149.75
21101691,2704149.75
21101692,2704149.75
21101693,2704149.75
21101694,2704149.75
21101695,2704149.75
21101696,2704149.75
21101697,2704149.75
21101698,2704149.75
21101699,2704149.75
21101700,2704149.75
21101701,2704149.75
21101702,2704149.75
21101703,2704149.75
21101704,2704149.75
21101705,2704149.75
21101706,2704149.75
21101707,2704149.75
21101708,2704149.75
21101709,2704149.75
21101710,2704149.75
21101711,2704149.75
21101712,2704149.75
21101713,2704149.75
21101714,2704149.75
21101715,2704149.75
21101716,2704149.75
21101717,2704149.75
21101718,2704149.75
21101719,2704149.75
21101720,2704149.75
21101721,2704149.75
21101722,2704149.75
21101723,2704149.75
21101724,2704149.75
21101725,2704149.75
21101726,2704149.75
21101727,2704149.75
21101728,2704149.75
21101729,2704149.75
21101730,2704149.75
21101731,2704149.75
21101732,2704149.75
21101733,2704149.75
21101734,2704149.75
21101735,2704149.75
21101736,2704149.75
21101737,2704149.75
21101738,2704149.75
21101739,2704149.75
21101740,2704149.75
21101741,2704149.75
21101742,2704149.75
21101743,2704149.75
21101744,2704149.75
21101745,2704149.75
21101746,2704149.75
21101747,2704149.75
21101748,2704149.75
21101749,2704149.75
21101750,2704149.75
21101751,2704149.75
21101752,2704149.75
21101753,2704149.75
21101754,2704149.75
21101755,2704149.75
21101756,2704149.75
21101757,2704149.75
21101758,2704149.75
21101759,2704149.75
21101760,2704149.75
21101761,2704149.75
21101762,2704149.75
21101763,2704149.75
21101764,2704149.75
21101765,2704149.75
21101766,2704149.75
21101767,2704149.75
21101768,2704149.75
21101769,2704149.75
21101770,2704149.75
21101771,2704149.75
21101772,2704149.75
21101773,2704149.75
21101774,2704149.75
21101775,2704149.75
21101776,2704149.75
21101777,2704149.75
21101778,2704149.75
21101779,2704149.75
21101780,2704149.75
21101781,2704149.75
21101782,2704149.75
21101783,2704149.75
21101784,2704149.75
21101785,2704149.75
21101786,2704149.75
21101787,2704149.75
21101788,2704149.75
21101789,2704149.75
21101790,2704149.75
21101791,2704149.75
21101792,2704149.75
21101793,2704149.75
21101794,2704149.75
21101795,2704149.75
21101796,2704149.75
21101797,2704149.75
21101798,2704149.75
21101799,2704149.75
21101800,2704149.75
21101801,2704149.75
21101802,2704149.75
21101803,2704149.75
21101804,2704149.75
21101805,2704149.75
21101806,2704149.75
21101807,2704149.75
21101808,2704149.75
21101809,2704149.75
21101810,2704149.75
21101811,2704149.75
21101812,2704149.75
21101813,2704149.75
21101814,2704149.75
21101815,2704149.75
21101816,2704149.75
21101817,2704149.75
21101818,2704149.75
21101819,2704149.75
21101820,2704149.75
21101821,2704149.75
21101822,2704149.75
21101823,2704149.75
21101824,2704149.75
21101825,2704149.75
21101826,2704149.75
21101827,2704149.75
21101828,2704149.75
21101829,2704149.75
21101830,2704149.75
21101831,2704149.75
21101832,2704149.75
21101833,2704149.75
21101834,2704149.75
21101835,2704149.75
21101836,2704149.75
21101837,2704149.75
21101838,2704149.75
21101839,2704149.75
21101840,2704149.75
21101841,2704149.75
21101842,2704149.75
21101843,2704149.75
21101844,2704149.75
21101845,2704149.75
21101846,2704149.75
21101847,2704149.75
21101848,2704149.75
21101849,2704149.75
21101850,2704149.75
21101851,2704149.75
21101852,2704149.75
21101853,2704149.75
21101854,2704149.75
21101855,2704149.75
21101856,2704149.75
21101857,2704149.75
21101858,2704149.75
21101859,2704149.75
21101860,2704149.75
21101861,2704149.75
21101862,2704149.75
21101863,2704149.75
21101864,2704149.75
21101865,2704149.75
21101866,2704149.75
21101867,2704149.75
21101868,2704149.75
21101869,2704149.75
21101870,2704149.75
21101871,2704149.75
21101872,2704149.75
21101873,2704149.75
21101874,2704149.75
21101875,2704149.75
21101876,2704149.75
21101877,2704149.75
21101878,2704149.75
21101879,2704149.75
21101880,2704149.75
21101881,2704149.75
21101882,2704149.75
21101883,2704149.75
21101884,2704149.75
21101885,2704149.75
21101886,2704149.75
21101887,2704149.75
21101888,2704149.75
21101889,2704149.75
21101890,2704149.75
21101891,2704149.75
21101892,2704149.75
21101893,2704149.75
21101894,2704149.75
21101895,2704149.75
21101896,2704149.75
21101897,2704149.75
21101898,2704149.75
21101899,2704149.75
21101900,2704149.75
21101901,2704149.75
21101902,2704149.75
21101903,2704149.75
21101904,2704149.75
21101905,2704149.75
21101906,2704149.75
21101907,2704149.75
21101908,2704149.75
21101909,2704149.75
21101910,2704149.75
21101911,2704149.75
21101912,2704149.75
21101913,2704149.75
21101914,2704149.75
21101915,2704149.75
21101916,2704149.75
21101917,2704149.75
21101918,2704149.75
21101919,2704149.75
21101920,2704149.75
21101921,2704149.75
21101922,2704149.75
21101923,2704149.75
21101924,2704149.75
21101925,2704149.75
21101926,2704149.75
21101927,2704149.75
21101928,2704149.75
21101929,2704149.75
21101930,2704149.75
21101931,2704149.75
21101932,2704149.75
21101933,2704149.75
21101934,2704149.75
21101935,2704149.75
21101936,2704149.75
21101937,2704149.75
21101938,2704149.75
21101939,2704149.75
21101940,2704149.75
21101941,2704149.75
21101942,2704149.75
21101943,2704149.75
21101944,2704149.75
21101945,2704149.75
21101946,2704149.75
21101947,2704149.75
21101948,2704149.75
21101949,2704149.75
21101950,2704149.75
21101951,2704149.75
21101952,2704149.75
21101953,2704149.75
21101954,2704149.75
21101955,2704149.75
21101956,2704149.75
21101957,2704149.75
21101958,2704149.75
21101959,2704149.75
21101960,2704149.75
21101961,2704149.75
21101962,2704149.75
21101963,2704149.75
21101964,2704149.75
21101965,2704149.75
21101966,2704149.75
21101967,2704149.75
21101968,2704149.75
21101969,2704149.75
21101970,2704149.75
21101971,2704149.75
21101972,2704149.75
21101973,2704149.75
21101974,2704149.75
21101975,2704149.75
21101976,2704149.75
21101977,2704149.75
21101978,2704149.75
21101979,2704149.75
21101980,2704149.75
21101981,2704149.75
21101982,2704149.75
21101983,2704149.75
21101984,2704149.75
21101985,2704149.75
21101986,2704149.75
21101987,2704149.75
21101988,2704149.75
21101989,2704149.75
21101990,2704149.75
21101991,2704149.75
21101992,2704149.75
21101993,2704149.75
21101994,2704149.75
21101995,2704149.75
21101996,2704149.75
21101997,2704149.75
21101998,2704149.75
21101999,2704149.75
21102000,2704149.75
21102001,2704149.75
21102002,2704149.75
21102003,2704149.75
21102004,2704149.75
21102005,2704149.75
21102006,2704149.75
21102007,2704149.75
21102008,2704149.75
21102009,2704149.75
21102010,2704149.75
21102011,2704149.75
21102012,2704149.75
21102013,2704149.75
21102014,2704149.75
21102015,2704149.75
21102016,2704149.75
21102017,2704149.75
21102018,2704149.75
21102019,2704149.75
21102020,2704149.75
21102021,2704149.75
21102022,2704149.75
21102023,2704149.75
21102024,2704149.75
21102025,2704149.75
21102026,2704149.75
21102027,2704149.75
21102028,2704149.75
21102029,2704149.75
21102030,2704149.75
21102031,2704149.75
21102032,2704149.75
21102033,2704149.75
21102034,2704149.75
21102035,2704149.75
21102036,2704149.75
21102037,2704149.75
21102038,2704149.75
21102039,2704149.75
21102040,2704149.75
21102041,2704149.75
21102042,2704149.75
21102043,2704149.75
21102044,2704149.75
21102045,2704149.75
21102046,2704149.75
21102047,2704149.75
21102048,2704149.75
21102049,2704149.75
21102050,2704149.75
21102051,2704149.75
21102052,2704149.75
21102053,2704149.75
21102054,2704149.75
21102055,2704149.75
21102056,2704149.75
21102057,2704149.75
21102058,2704149.75
21102059,2704149.75
21102060,2704149.75
21102061,2704149.75
21102062,2704149.75
21102063,2704149.75
21102064,2704149.75
21102065,2704149.75
21102066,2704149.75
21102067,2704149.75
21102068,2704149.75
21102069,2704149.75
21102070,2704149.75
21102071,2704149.75
21102072,2704149.75
21102073,2704149.75
21102074,2704149.75
21102075,2704149.75
21102076,2704149.75
21102077,2704149.75
21102078,2704149.75
21102079,2704149.75
21102080,2704149.75
21102081,2704149.75
21102082,2704149.75
21102083,2704149.75
21102084,2704149.75
21102085,2704149.75
21102086,2704149.75
21102087,2704149.75
21102088,2704149.75
21102089,2704149.75
21102090,2704149.75
21102091,2704149.75
21102092,2704149.75
21102093,2704149.75
21102094,2704149.75
21102095,2704149.75
21102096,2704149.75
21102097,2704149.75
21102098,2704149.75
21102099,2704149.75
21102100,2704149.75
21102101,2704149.75
21102102,2704149.75
21102103,2704149.75
21102104,2704149.75
21102105,2704149.75
21102106,2704149.75
21102107,2704149.75
21102108,2704149.75
21102109,2704149.75
21102110,2704149.75
21102111,2704149.75
21102112,2704149.75
21102113,2704149.75
21102114,2704149.75
21102115,2704149.75
21102116,2704149.75
21102117,2704149.75
21102118,2704149.75
21102119,2704149.75
21102120,2704149.75
21102121,2704149.75
21102122,2704149.75
21102123,2704149.75
21102124,2704149.75
21102125,2704149.75
21102126,2704149.75
21102127,2704149.75
21102128,2704149.75
21102129,2704149.75
21102130,2704149.75
21102131,2704149.75
21102132,2704149.75
21102133,2704149.75
21102134,2704149.75
21102135,2704149.75
21102136,2704149.75
21102137,2704149.75
21102138,2704149.75
21102139,2704149.75
21102140,2704149.75
21102141,2704149.75
21102142,2704149.75
21102143,2704149.75
21102144,2704149.75
21102145,2704149.75
21102146,2704149.75
21102147,2704149.75
21102148,2704149.75
21102149,2704149.75
21102150,2704149.75
21102151,2704149.75
21102152,2704149.75
21102153,2704149.75
21102154,2704149.75
21102155,2704149.75
21102156,2704149.75
21102157,2704149.75
21102158,2704149.75
21102159,2704149.75
21102160,2704149.75
21102161,2704149.75
21102162,2704149.75
21102163,2704149.75
21102164,2704149.75
21102165,2704149.75
21102166,2704149.75
21102167,2704149.75
21102168,2704149.75
21102169,2704149.75
21102170,2704149.75
21102171,2704149.75
21102172,2704149.75
21102173,2704149.75
21102174,2704149.75
21102175,2704149.75
21102176,2704149.75
21102177,2704149.75
21102178,2704149.75
21102179,2704149.75
21102180,2704149.75
21102181,2704149.75
21102182,2704149.75
21102183,2704149.75
21102184,2704149.75
21102185,2704149.75
21102186,2704149.75
21102187,2704149.75
21102188,2704149.75
21102189,2704149.75
21102190,2704149.75
21102191,2704149.75
21102192,2704149.75
21102193,2704149.75
21102194,2704149.75
21102195,2704149.75
21102196,2704149.75
21102197,2704149.75
21102198,2704149.75
21102199,2704149.75
21102200,2704149.75
21102201,2704149.75
21102202,2704149.75
21102203,2704149.75
21102204,2704149.75
21102205,2704149.75
21102206,2704149.75
21102207,2704149.75
21102208,2704149.75
21102209,2704149.75
21102210,2704149.75
21102211,2704149.75
21102212,2704149.75
21102213,2704149.75
21102214,2704149.75
21102215,2704149.75
21102216,2704149.75
21102217,2704149.75
21102218,2704149.75
21102219,2704149.75
21102220,2704149.75
21102221,2704149.75
21102222,2704149.75
21102223,2704149.75
21102224,2704149.75
21102225,2704149.75
21102226,2704149.75
21102227,2704149.75
21102228,2704149.75
21102229,2704149.75
21102230,2704149.75
21102231,2704149.75
21102232,2704149.75
21102233,2704149.75
21102234,2704149.75
21102235,2704149.75
21102236,2704149.75
21102237,2704149.75
21102238,2704149.75
21102239,2704149.75
21102240,2704149.75
21102241,2704149.75
21102242,2704149.75
21102243,2704149.75
21102244,2704149.75
21102245,2704149.75
21102246,2704149.75
21102247,2704149.75
21102248,2704149.75
21102249,2704149.75
21102250,2704149.75
21102251,2704149.75
21102252,2704149.75
21102253,2704149.75
21102254,2704149.75
21102255,2704149.75
21102256,2704149.75
21102257,2704149.75
21102258,2704149.75
21102259,2704149.75
21102260,2704149.75
21102261,2704149.75
21102262,2704149.75
21102263,2704149.75
21102264,2704149.75
21102265,2704149.75
21102266,2704149.75
21102267,2704149.75
21102268,2704149.75
21102269,2704149.75
21102270,2704149.75
21102271,2704149.75
21102272,2704149.75
21102273,2704149.75
21102274,2704149.75
21102275,2704149.75
21102276,2704149.75
21102277,2704149.75
21102278,2704149.75
21102279,2704149.75
21102280,2704149.75
21102281,2704149.75
21102282,2704149.75
21102283,2704149.75
21102284,2704149.75
21102285,2704149.75
21102286,2704149.75
21102287,2704149.75
21102288,2704149.75
21102289,2704149.75
21102290,2704149.75
21102291,2704149.75
21102292,2704149.75
21102293,2704149.75
21102294,2704149.75
21102295,2704149.75
21102296,2704149.75
21102297,2704149.75
21102298,2704149.75
21102299,2704149.75
21102300,2704149.75
21102301,2704149.75
21102302,2704149.75
21102303,2704149.75
21102304,2704149.75
21102305,2704149.75
21102306,2704149.75
21102307,2704149.75
21102308,2704149.75
21102309,2704149.75
21102310,2704149.75
21102311,2704149.75
21102312,2704149.75
21102313,2704149.75
21102314,2704149.75
21102315,2704149.75
21102316,2704149.75
21102317,2704149.75
21102318,2704149.75
21102319,2704149.75
21102320,2704149.75
21102321,2704149.75
21102322,2704149.75
21102323,2704149.75
21102324,2704149.75
21102325,2704149.75
21102326,2704149.75
21102327,2704149.75
21102328,2704149.75
21102329,2704149.75
21102330,2704149.75
21102331,2704149.75
21102332,2704149.75
21102333,2704149.75
21102334,2704149.75
21102335,2704149.75
21102336,2704149.75
21102337,2704149.75
21102338,2704149.75
21102339,2704149.75
21102340,2704149.75
21102341,2704149.75
21102342,2704149.75
21102343,2704149.75
21102344,2704149.75
21102345,2704149.75
21102346,2704149.75
21102347,2704149.75
21102348,2704149.75
21102349,2704149.75
21102350,2704149.75
21102351,2704149.75
21102352,2704149.75
21102353,2704149.75
21102354,2704149.75
21102355,2704149.75
21102356,2704149.75
21102357,2704149.75
21102358,2704149.75
21102359,2704149.75
21102360,2704149.75
21102361,2704149.75
21102362,2704149.75
21102363,2704149.75
21102364,2704149.75
21102365,2704149.75
21102366,2704149.75
21102367,2704149.75
21102368,2704149.75
21102369,2704149.75
21102370,2704149.75
21102371,2704149.75
21102372,2704149.75
21102373,2704149.75
21102374,2704149.75
21102375,2704149.75
21102376,2704149.75
21102377,2704149.75
21102378,2704149.75
21102379,2704149.75
21102380,2704149.75
21102381,2704149.75
21102382,2704149.75
21102383,2704149.75
21102384,2704149.75
21102385,2704149.75
21102386,2704149.75
21102387,2704149.75
21102388,2704149.75
21102389,2704149.75
21102390,2704149.75
21102391,2704149.75
21102392,2704149.75
21102393,2704149.75
21102394,2704149.75
21102395,2704149.75
21102396,2704149.75
21102397,2704149.75
21102398,2704149.75
21102399,2704149.75
21102400,2704149.75
21102401,2704149.75
21102402,2704149.75
21102403,2704149.75
21102404,2704149.75
21102405,2704149.75
21102406,2704149.75
21102407,2704149.75
21102408,2704149.75
21102409,2704149.75
21102410,2704149.75
21102411,2704149.75
21102412,2704149.75
21102413,2704149.75
21102414,2704149.75
21102415,2704149.75
21102416,2704149.75
21102417,2704149.75
21102418,2704149.75
21102419,2704149.75
21102420,2704149.75
21102421,2704149.75
21102422,2704149.75
21102423,2704149.75
21102424,2704149.75
21102425,2704149.75
21102426,2704149.75
21102427,2704149.75
21102428,2704149.75
21102429,2704149.75
21102430,2704149.75
21102431,2704149.75
21102432,2704149.75
21102433,2704149.75
21102434,2704149.75
21102435,2704149.75
21102436,2704149.75
21102437,2704149.75
21102438,2704149.75
21102439,2704149.75
21102440,2704149.75
21102441,2704149.75
21102442,2704149.75
21102443,2704149.75
21102444,2704149.75
21102445,2704149.75
21102446,2704149.75
21102447,2704149.75
21102448,2704149.75
21102449,2704149.75
21102450,2704149.75
21102451,2704149.75
21102452,2704149.75
21102453,2704149.75
21102454,2704149.75
21102455,2704149.75
21102456,2704149.75
21102457,2704149.75
21102458,2704149.75
21102459,2704149.75
21102460,2704149.75
21102461,2704149.75
21102462,2704149.75
21102463,2704149.75
21102464,2704149.75
21102465,2704149.75
21102466,2704149.75
21102467,2704149.75
21102468,2704149.75
21102469,2704149.75
21102470,2704149.75
21102471,2704149.75
21102472,2704149.75
21102473,2704149.75
21102474,2704149.75
21102475,2704149.75
21102476,2704149.75
21102477,2704149.75
21102478,2704149.75
21102479,2704149.75
21102480,2704149.75
21102481,2704149.75
21102482,2704149.75
21102483,2704149.75
21102484,2704149.75
21102485,2704149.75
21102486,2704149.75
21102487,2704149.75
21102488,2704149.75
21102489,2704149.75
21102490,2704149.75
21102491,2704149.75
21102492,2704149.75
21102493,2704149.75
21102494,2704149.75
21102495,2704149.75
21102496,2704149.75
21102497,2704149.75
21102498,2704149.75
21102499,2704149.75
21102500,2704149.75
21102501,2704149.75
21102502,2704149.75
21102503,2704149.75
21102504,2704149.75
21102505,2704149.75
21102506,2704149.75
21102507,2704149.75
21102508,2704149.75
21102509,2704149.75
21102510,2704149.75
21102511,2704149.75
21102512,2704149.75
21102513,2704149.75
21102514,2704149.75
21102515,2704149.75
21102516,2704149.75
21102517,2704149.75
21102518,2704149.75
21102519,2704149.75
21102520,2704149.75
21102521,2704149.75
21102522,2704149.75
21102523,2704149.75
21102524,2704149.75
21102525,2704149.75
21102526,2704149.75
21102527,2704149.75
21102528,2704149.75
21102529,2704149.75
21102530,2704149.75
21102531,2704149.75
21102532,2704149.75
21102533,2704149.75
21102534,2704149.75
21102535,2704149.75
21102536,2704149.75
21102537,2704149.75
21102538,2704149.75
21102539,2704149.75
21102540,2704149.75
21102541,2704149.75
21102542,2704149.75
21102543,2704149.75
21102544,2704149.75
21102545,2704149.75
21102546,2704149.75
21102547,2704149.75
21102548,2704149.75
21102549,2704149.75
21102550,2704149.75
21102551,2704149.75
21102552,2704149.75
21102553,2704149.75
21102554,2704149.75
21102555,2704149.75
21102556,2704149.75
21102557,2704149.75
21102558,2704149.75
21102559,2704149.75
21102560,2704149.75
21102561,2704149.75
21102562,2704149.75
21102563,2704149.75
21102564,2704149.75
21102565,2704149.75
21102566,2704149.75
21102567,2704149.75
21102568,2704149.75
21102569,2704149.75
21102570,2704149.75
21102571,2704149.75
21102572,2704149.75
21102573,2704149.75
21102574,2704149.75
21102575,2704149.75
21102576,2704149.75
21102577,2704149.75
21102578,2704149.75
21102579,2704149.75
21102580,2704149.75
21102581,2704149.75
21102582,2704149.75
21102583,2704149.75
21102584,2704149.75
21102585,2704149.75
21102586,2704149.75
21102587,2704149.75
21102588,2704149.75
21102589,2704149.75
21102590,2704149.75
21102591,2704149.75
21102592,2704149.75
21102593,2704149.75
21102594,2704149.75
21102595,2704149.75
21102596,2704149.75
21102597,2704149.75
21102598,2704149.75
21102599,2704149.75
21102600,2704149.75
21102601,2704149.75
21102602,2704149.75
21102603,2704149.75
21102604,2704149.75
21102605,2704149.75
21102606,2704149.75
21102607,2704149.75
21102608,2704149.75
21102609,2704149.75
21102610,2704149.75
21102611,2704149.75
21102612,2704149.75
21102613,2704149.75
21102614,2704149.75
21102615,2704149.75
21102616,2704149.75
21102617,2704149.75
21102618,2704149.75
21102619,2704149.75
21102620,2704149.75
21102621,2704149.75
21102622,2704149.75
21102623,2704149.75
21102624,2704149.75
21102625,2704149.75
21102626,2704149.75
21102627,2704149.75
21102628,2704149.75
21102629,2704149.75
21102630,2704149.75
21102631,2704149.75
21102632,2704149.75
21102633,2704149.75
21102634,2704149.75
21102635,2704149.75
21102636,2704149.75
21102637,2704149.75
21102638,2704149.75
21102639,2704149.75
21102640,2704149.75
21102641,2704149.75
21102642,2704149.75
21102643,2704149.75
21102644,2704149.75
21102645,2704149.75
21102646,2704149.75
21102647,2704149.75
21102648,2704149.75
21102649,2704149.75
21102650,2704149.75
21102651,2704149.75
21102652,2704149.75
21102653,2704149.75
21102654,2704149.75
21102655,2704149.75
21102656,2704149.75
21102657,2704149.75
21102658,2704149.75
21102659,2704149.75
21102660,2704149.75
21102661,2704149.75
21102662,2704149.75
21102663,2704149.75
21102664,2704149.75
21102665,2704149.75
21102666,2704149.75
21102667,2704149.75
21102668,2704149.75
21102669,2704149.75
21102670,2704149.75
21102671,2704149.75
21102672,2704149.75
21102673,2704149.75
21102674,2704149.75
21102675,2704149.75
21102676,2704149.75
21102677,2704149.75
21102678,2704149.75
21102679,2704149.75
21102680,2704149.75
21102681,2704149.75
21102682,2704149.75
21102683,2704149.75
21102684,2704149.75
21102685,2704149.75
21102686,2704149.75
21102687,2704149.75
21102688,2704149.75
21102689,2704149.75
21102690,2704149.75
21102691,2704149.75
21102692,2704149.75
21102693,2704149.75
21102694,2704149.75
21102695,2704149.75
21102696,2704149.75
21102697,2704149.75
21102698,2704149.75
21102699,2704149.75
21102700,2704149.75
21102701,2704149.75
21102702,2704149.75
21102703,2704149.75
21102704,2704149.75
21102705,2704149.75
21102706,2704149.75
21102707,2704149.75
21102708,2704149.75
21102709,2704149.75
21102710,2704149.75
21102711,2704149.75
21102712,2704149.75
21102713,2704149.75
21102714,2704149.75
21102715,2704149.75
21102716,2704149.75
21102717,2704149.75
21102718,2704149.75
21102719,2704149.75
21102720,2704149.75
21102721,2704149.75
21102722,2704149.75
21102723,2704149.75
21102724,2704149.75
21102725,2704149.75
21102726,2704149.75
21102727,2704149.75
21102728,2704149.75
21102729,2704149.75
21102730,2704149.75
21102731,2704149.75
21102732,2704149.75
21102733,2704149.75
21102734,2704149.75
21102735,2704149.75
21102736,2704149.75
21102737,2704149.75
21102738,2704149.75
21102739,2704149.75
21102740,2704149.75
21102741,2704149.75
21102742,2704149.75
21102743,2704149.75
21102744,2704149.75
21102745,2704149.75
21102746,2704149.75
21102747,2704149.75
21102748,2704149.75
21102749,2704149.75
21102750,2704149.75
21102751,2704149.75
21102752,2704149.75
21102753,2704149.75
21102754,2704149.75
21102755,2704149.75
21102756,2704149.75
21102757,2704149.75
21102758,2704149.75
21102759,2704149.75
21102760,2704149.75
21102761,2704149.75
21102762,2704149.75
21102763,2704149.75
21102764,2704149.75
21102765,2704149.75
21102766,2704149.75
21102767,2704149.75
21102768,2704149.75
21102769,2704149.75
21102770,2704149.75
21102771,2704149.75
21102772,2704149.75
21102773,2704149.75
21102774,2704149.75
21102775,2704149.75
21102776,2704149.75
21102777,2704149.75
21102778,2704149.75
21102779,2704149.75
21102780,2704149.75
21102781,2704149.75
21102782,2704149.75
21102783,2704149.75
21102784,2704149.75
21102785,2704149.75
21102786,2704149.75
21102787,2704149.75
21102788,2704149.75
21102789,2704149.75
21102790,2704149.75
21102791,2704149.75
21102792,2704149.75
21102793,2704149.75
21102794,2704149.75
21102795,2704149.75
21102796,2704149.75
21102797,2704149.75
21102798,2704149.75
21102799,2704149.75
21102800,2704149.75
21102801,2704149.75
21102802,2704149.75
21102803,2704149.75
21102804,2704149.75
21102805,2704149.75
21102806,2704149.75
21102807,2704149.75
21102808,2704149.75
21102809,2704149.75
21102810,2704149.75
21102811,2704149.75
21102812,2704149.75
21102813,2704149.75
21102814,2704149.75
21102815,2704149.75
21102816,2704149.75
21102817,2704149.75
21102818,2704149.75
21102819,2704149.75
21102820,2704149.75
21102821,2704149.75
21102822,2704149.75
21102823,2704149.75
21102824,2704149.75
21102825,2704149.75
21102826,2704149.75
21102827,2704149.75
21102828,2704149.75
21102829,2704149.75
21102830,2704149.75
21102831,2704149.75
21102832,2704149.75
21102833,2704149.75
21102834,2704149.75
21102835,2704149.75
21102836,2704149.75
21102837,2704149.75
21102838,2704149.75
21102839,2704149.75
21102840,2704149.75
21102841,2704149.75
21102842,2704149.75
21102843,2704149.75
21102844,2704149.75
21102845,2704149.75
21102846,2704149.75
21102847,2704149.75
21102848,2704149.75
21102849,2704149.75
21102850,2704149.75
21102851,2704149.75
21102852,2704149.75
21102853,2704149.75
21102854,2704149.75
21102855,2704149.75
21102856,2704149.75
21102857,2704149.75
21102858,2704149.75
21102859,2704149.75
21102860,2704149.75
21102861,2704149.75
21102862,2704149.75
21102863,2704149.75
21102864,2704149.75
21102865,2704149.75
21102866,2704149.75
21102867,2704149.75
21102868,2704149.75
21102869,2704149.75
21102870,2704149.75
21102871,2704149.75
21102872,2704149.75
21102873,2704149.75
21102874,2704149.75
21102875,2704149.75
21102876,2704149.75
21102877,2704149.75
21102878,2704149.75
21102879,2704149.75
21102880,2704149.75
21102881,2704149.75
21102882,2704149.75
21102883,2704149.75
21102884,2704149.75
21102885,2704149.75
21102886,2704149.75
21102887,2704149.75
21102888,2704149.75
21102889,2704149.75
21102890,2704149.75
21102891,2704149.75
21102892,2704149.75
21102893,2704149.75
21102894,2704149.75
21102895,2704149.75
21102896,2704149.75
21102897,2704149.75
21102898,2704149.75
21102899,2704149.75
21102900,2704149.75
21102901,2704149.75
21102902,2704149.75
21102903,2704149.75
21102904,2704149.75
21102905,2704149.75
21102906,2704149.75
21102907,2704149.75
21102908,2704149.75
21102909,2704149.75
21102910,2704149.75
21102911,2704149.75
21102912,2704149.75
21102913,2704149.75
21102914,2704149.75
21102915,2704149.75
21102916,2704149.75
21102917,2704149.75
21102918,2704149.75
21102919,2704149.75
21102920,2704149.75
21102921,2704149.75
21102922,2704149.75
21102923,2704149.75
21102924,2704149.75
21102925,2704149.75
21102926,2704149.75
21102927,2704149.75
21102928,2704149.75
21102929,2704149.75
21102930,2704149.75
21102931,2704149.75
21102932,2704149.75
21102933,2704149.75
21102934,2704149.75
21102935,2704149.75
21102936,2704149.75
21102937,2704149.75
21102938,2704149.75
21102939,2704149.75
21102940,2704149.75
21102941,2704149.75
21102942,2704149.75
21102943,2704149.75
21102944,2704149.75
21102945,2704149.75
21102946,2704149.75
21102947,2704149.75
21102948,2704149.75
21102949,2704149.75
21102950,2704149.75
21102951,2704149.75
21102952,2704149.75
21102953,2704149.75
21102954,2704149.75
21102955,2704149.75
21102956,2704149.75
21102957,2704149.75
21102958,2704149.75
21102959,2704149.75
21102960,2704149.75
21102961,2704149.75
21102962,2704149.75
21102963,2704149.75
21102964,2704149.75
21102965,2704149.75
21102966,2704149.75
21102967,2704149.75
21102968,2704149.75
21102969,2704149.75
21102970,2704149.75
21102971,2704149.75
21102972,2704149.75
21102973,2704149.75
21102974,2704149.75
21102975,2704149.75
21102976,2704149.75
21102977,2704149.75
21102978,2704149.75
21102979,2704149.75
21102980,2704149.75
21102981,2704149.75
21102982,2704149.75
21102983,2704149.75
21102984,2704149.75
21102985,2704149.75
21102986,2704149.75
21102987,2704149.75
21102988,2704149.75
21102989,2704149.75
21102990,2704149.75
21102991,2704149.75
21102992,2704149.75
21102993,2704149.75
21102994,2704149.75
21102995,2704149.75
21102996,2704149.75
21102997,2704149.75
21102998,2704149.75
21102999,2704149.75
21103000,2704149.75
21103001,2704149.75
21103002,2704149.75
21103003,2704149.75
21103004,2704149.75
21103005,2704149.75
21103006,2704149.75
21103007,2704149.75
21103008,2704149.75
21103009,2704149.75
21103010,2704149.75
21103011,2704149.75
21103012,2704149.75
21103013,2704149.75
21103014,2704149.75
21103015,2704149.75
21103016,2704149.75
21103017,2704149.75
21103018,2704149.75
21103019,2704149.75
21103020,2704149.75
21103021,2704149.75
21103022,2704149.75
21103023,2704149.75
21103024,2704149.75
21103025,2704149.75
21103026,2704149.75
21103027,2704149.75
21103028,2704149.75
21103029,2704149.75
21103030,2704149.75
21103031,2704149.75
21103032,2704149.75
21103033,2704149.75
21103034,2704149.75
21103035,2704149.75
21103036,2704149.75
21103037,2704149.75
21103038,2704149.75
21103039,2704149.75
21103040,2704149.75
21103041,2704149.75
21103042,2704149.75
21103043,2704149.75
21103044,2704149.75
21103045,2704149.75
21103046,2704149.75
21103047,2704149.75
21103048,2704149.75
21103049,2704149.75
21103050,2704149.75
21103051,2704149.75
21103052,2704149.75
21103053,2704149.75
21103054,2704149.75
21103055,2704149.75
21103056,2704149.75
21103057,2704149.75
21103058,2704149.75
21103059,2704149.75
21103060,2704149.75
21103061,2704149.75
21103062,2704149.75
21103063,2704149.75
21103064,2704149.75
21103065,2704149.75
21103066,2704149.75
21103067,2704149.75
21103068,2704149.75
21103069,2704149.75
21103070,2704149.75
21103071,2704149.75
21103072,2704149.75
21103073,2704149.75
21103074,2704149.75
21103075,2704149.75
21103076,2704149.75
21103077,2704149.75
21103078,2704149.75
21103079,2704149.75
21103080,2704149.75
21103081,2704149.75
21103082,2704149.75
21103083,2704149.75
21103084,2704149.75
21103085,2704149.75
21103086,2704149.75
21103087,2704149.75
21103088,2704149.75
21103089,2704149.75
21103090,2704149.75
21103091,2704149.75
21103092,2704149.75
21103093,2704149.75
21103094,2704149.75
21103095,2704149.75
21103096,2704149.75
21103097,2704149.75
21103098,2704149.75
21103099,2704149.75
21103100,2704149.75
21103101,2704149.75
21103102,2704149.75
21103103,2704149.75
21103104,2704149.75
21103105,2704149.75
21103106,2704149.75
21103107,2704149.75
21103108,2704149.75
21103109,2704149.75
21103110,2704149.75
21103111,2704149.75
21103112,2704149.75
21103113,2704149.75
21103114,2704149.75
21103115,2704149.75
21103116,2704149.75
21103117,2704149.75
21103118,2704149.75
21103119,2704149.75
21103120,2704149.75
21103121,2704149.75
21103122,2704149.75
21103123,2704149.75
21103124,2704149.75
21103125,2704149.75
21103126,2704149.75
21103127,2704149.75
21103128,2704149.75
21103129,2704149.75
21103130,2704149.75
21103131,2704149.75
21103132,2704149.75
21103133,2704149.75
21103134,2704149.75
21103135,2704149.75
21103136,2704149.75
21103137,2704149.75
21103138,2704149.75
21103139,2704149.75
21103140,2704149.75
21103141,2704149.75
21103142,2704149.75
21103143,2704149.75
21103144,2704149.75
21103145,2704149.75
21103146,2704149.75
21103147,2704149.75
21103148,2704149.75
21103149,2704149.75
21103150,2704149.75
21103151,2704149.75
21103152,2704149.75
21103153,2704149.75
21103154,2704149.75
21103155,2704149.75
21103156,2704149.75
21103157,2704149.75
21103158,2704149.75
21103159,2704149.75
21103160,2704149.75
21103161,2704149.75
21103162,2704149.75
21103163,2704149.75
21103164,2704149.75
21103165,2704149.75
21103166,2704149.75
21103167,2704149.75
21103168,2704149.75
21103169,2704149.75
21103170,2704149.75
21103171,2704149.75
21103172,2704149.75
21103173,2704149.75
21103174,2704149.75
21103175,2704149.75
21103176,2704149.75
21103177,2704149.75
21103178,2704149.75
21103179,2704149.75
21103180,2704149.75
21103181,2704149.75
21103182,2704149.75
21103183,2704149.75
21103184,2704149.75
21103185,2704149.75
21103186,2704149.75
21103187,2704149.75
21103188,2704149.75
21103189,2704149.75
21103190,2704149.75
21103191,2704149.75
21103192,2704149.75
21103193,2704149.75
21103194,2704149.75
21103195,2704149.75
21103196,2704149.75
21103197,2704149.75
21103198,2704149.75
21103199,2704149.75
21103200,2704149.75
21103201,2704149.75
21103202,2704149.75
21103203,2704149.75
21103204,2704149.75
21103205,2704149.75
21103206,2704149.75
21103207,2704149.75
21103208,2704149.75
21103209,2704149.75
21103210,2704149.75
21103211,2704149.75
21103212,2704149.75
21103213,2704149.75
21103214,2704149.75
21103215,2704149.75
21103216,2704149.75
21103217,2704149.75
21103218,2704149.75
21103219,2704149.75
21103220,2704149.75
21103221,2704149.75
21103222,2704149.75
21103223,2704149.75
21103224,2704149.75
21103225,2704149.75
21103226,2704149.75
21103227,2704149.75
21103228,2704149.75
21103229,2704149.75
21103230,2704149.75
21103231,2704149.75
21103232,2704149.75
21103233,2704149.75
21103234,2704149.75
21103235,2704149.75
21103236,2704149.75
21103237,2704149.75
21103238,2704149.75
21103239,2704149.75
21103240,2704149.75
21103241,2704149.75
21103242,2704149.75
21103243,2704149.75
21103244,2704149.75
21103245,2704149.75
21103246,2704149.75
21103247,2704149.75
21103248,2704149.75
21103249,2704149.75
21103250,2704149.75
21103251,2704149.75
21103252,2704149.75
21103253,2704149.75
21103254,2704149.75
21103255,2704149.75
21103256,2704149.75
21103257,2704149.75
21103258,2704149.75
21103259,2704149.75
21103260,2704149.75
21103261,2704149.75
21103262,2704149.75
21103263,2704149.75
21103264,2704149.75
21103265,2704149.75
21103266,2704149.75
21103267,2704149.75
21103268,2704149.75
21103269,2704149.75
21103270,2704149.75
21103271,2704149.75
21103272,2704149.75
21103273,2704149.75
21103274,2704149.75
21103275,2704149.75
21103276,2704149.75
21103277,2704149.75
21103278,2704149.75
21103279,2704149.75
21103280,2704149.75
21103281,2704149.75
21103282,2704149.75
21103283,2704149.75
21103284,2704149.75
21103285,2704149.75
21103286,2704149.75
21103287,2704149.75
21103288,2704149.75
21103289,2704149.75
21103290,2704149.75
21103291,2704149.75
21103292,2704149.75
21103293,2704149.75
21103294,2704149.75
21103295,2704149.75
21103296,2704149.75
21103297,2704149.75
21103298,2704149.75
21103299,2704149.75
21103300,2704149.75
21103301,2704149.75
21103302,2704149.75
21103303,2704149.75
21103304,2704149.75
21103305,2704149.75
21103306,2704149.75
21103307,2704149.75
21103308,2704149.75
21103309,2704149.75
21103310,2704149.75
21103311,2704149.75
21103312,2704149.75
21103313,2704149.75
21103314,2704149.75
21103315,2704149.75
21103316,2704149.75
21103317,2704149.75
21103318,2704149.75
21103319,2704149.75
21103320,2704149.75
21103321,2704149.75
21103322,2704149.75
21103323,2704149.75
21103324,2704149.75
21103325,2704149.75
21103326,2704149.75
21103327,2704149.75
21103328,2704149.75
21103329,2704149.75
21103330,2704149.75
21103331,2704149.75
21103332,2704149.75
21103333,2704149.75
21103334,2704149.75
21103335,2704149.75
21103336,2704149.75
21103337,2704149.75
21103338,2704149.75
21103339,2704149.75
21103340,2704149.75
21103341,2704149.75
21103342,2704149.75
21103343,2704149.75
21103344,2704149.75
21103345,2704149.75
21103346,2704149.75
21103347,2704149.75
21103348,2704149.75
21103349,2704149.75
21103350,2704149.75
21103351,2704149.75
21103352,2704149.75
21103353,2704149.75
21103354,2704149.75
21103355,2704149.75
21103356,2704149.75
21103357,2704149.75
21103358,2704149.75
21103359,2704149.75
21103360,2704149.75
21103361,2704149.75
21103362,2704149.75
21103363,2704149.75
21103364,2704149.75
21103365,2704149.75
21103366,2704149.75
21103367,2704149.75
21103368,2704149.75
21103369,2704149.75
21103370,2704149.75
21103371,2704149.75
21103372,2704149.75
21103373,2704149.75
21103374,2704149.75
21103375,2704149.75
21103376,2704149.75
21103377,2704149.75
21103378,2704149.75
21103379,2704149.75
21103380,2704149.75
21103381,2704149.75
21103382,2704149.75
21103383,2704149.75
21103384,2704149.75
21103385,2704149.75
21103386,2704149.75
21103387,2704149.75
21103388,2704149.75
21103389,2704149.75
21103390,2704149.75
21103391,2704149.75
21103392,2704149.75
21103393,2704149.75
21103394,2704149.75
21103395,2704149.75
21103396,2704149.75
21103397,2704149.75
21103398,2704149.75
21103399,2704149.75
21103400,2704149.75
21103401,2704149.75
21103402,2704149.75
21103403,2704149.75
21103404,2704149.75
21103405,2704149.75
21103406,2704149.75
21103407,2704149.75
21103408,2704149.75
21103409,2704149.75
21103410,2704149.75
21103411,2704149.75
21103412,2704149.75
21103413,2704149.75
21103414,2704149.75
21103415,2704149.75
21103416,2704149.75
21103417,2704149.75
21103418,2704149.75
21103419,2704149.75
21103420,2704149.75
21103421,2704149.75
21103422,2704149.75
21103423,2704149.75
21103424,2704149.75
21103425,2704149.75
21103426,2704149.75
21103427,2704149.75
21103428,2704149.75
21103429,2704149.75
21103430,2704149.75
21103431,2704149.75
21103432,2704149.75
21103433,2704149.75
21103434,2704149.75
21103435,2704149.75
21103436,2704149.75
21103437,2704149.75
21103438,2704149.75
21103439,2704149.75
21103440,2704149.75
21103441,2704149.75
21103442,2704149.75
21103443,2704149.75
21103444,2704149.75
21103445,2704149.75
21103446,2704149.75
21103447,2704149.75
21103448,2704149.75
21103449,2704149.75
21103450,2704149.75
21103451,2704149.75
21103452,2704149.75
21103453,2704149.75
21103454,2704149.75
21103455,2704149.75
21103456,2704149.75
21103457,2704149.75
21103458,2704149.75
21103459,2704149.75
21103460,2704149.75
21103461,2704149.75
21103462,2704149.75
21103463,2704149.75
21103464,2704149.75
21103465,2704149.75
21103466,2704149.75
21103467,2704149.75
21103468,2704149.75
21103469,2704149.75
21103470,2704149.75
21103471,2704149.75
21103472,2704149.75
21103473,2704149.75
21103474,2704149.75
21103475,2704149.75
21103476,2704149.75
21103477,2704149.75
21103478,2704149.75
21103479,2704149.75
21103480,2704149.75
21103481,2704149.75
21103482,2704149.75
21103483,2704149.75
21103484,2704149.75
21103485,2704149.75
21103486,2704149.75
21103487,2704149.75
21103488,2704149.75
21103489,2704149.75
21103490,2704149.75
21103491,2704149.75
21103492,2704149.75
21103493,2704149.75
21103494,2704149.75
21103495,2704149.75
21103496,2704149.75
21103497,2704149.75
21103498,2704149.75
21103499,2704149.75
21103500,2704149.75
21103501,2704149.75
21103502,2704149.75
21103503,2704149.75
21103504,2704149.75
21103505,2704149.75
21103506,2704149.75
21103507,2704149.75
21103508,2704149.75
21103509,2704149.75
21103510,2704149.75
21103511,2704149.75
21103512,2704149.75
21103513,2704149.75
21103514,2704149.75
21103515,2704149.75
21103516,2704149.75
21103517,2704149.75
21103518,2704149.75
21103519,2704149.75
21103520,2704149.75
21103521,2704149.75
21103522,2704149.75
21103523,2704149.75
21103524,2704149.75
21103525,2704149.75
21103526,2704149.75
21103527,2704149.75
21103528,2704149.75
21103529,2704149.75
21103530,2704149.75
21103531,2704149.75
21103532,2704149.75
21103533,2704149.75
21103534,2704149.75
21103535,2704149.75
21103536,2704149.75
21103537,2704149.75
21103538,2704149.75
21103539,2704149.75
21103540,2704149.75
21103541,2704149.75
21103542,2704149.75
21103543,2704149.75
21103544,2704149.75
21103545,2704149.75
21103546,2704149.75
21103547,2704149.75
21103548,2704149.75
21103549,2704149.75
21103550,2704149.75
21103551,2704149.75
21103552,2704149.75
21103553,2704149.75
21103554,2704149.75
21103555,2704149.75
21103556,2704149.75
21103557,2704149.75
21103558,2704149.75
21103559,2704149.75
21103560,2704149.75
21103561,2704149.75
21103562,2704149.75
21103563,2704149.75
21103564,2704149.75
21103565,2704149.75
21103566,2704149.75
21103567,2704149.75
21103568,2704149.75
21103569,2704149.75
21103570,2704149.75
21103571,2704149.75
21103572,2704149.75
21103573,2704149.75
21103574,2704149.75
21103575,2704149.75
21103576,2704149.75
21103577,2704149.75
21103578,2704149.75
21103579,2704149.75
21103580,2704149.75
21103581,2704149.75
21103582,2704149.75
21103583,2704149.75
21103584,2704149.75
21103585,2704149.75
21103586,2704149.75
21103587,2704149.75
21103588,2704149.75
21103589,2704149.75
21103590,2704149.75
21103591,2704149.75
21103592,2704149.75
21103593,2704149.75
21103594,2704149.75
21103595,2704149.75
21103596,2704149.75
21103597,2704149.75
21103598,2704149.75
21103599,2704149.75
21103600,2704149.75
21103601,2704149.75
21103602,2704149.75
21103603,2704149.75
21103604,2704149.75
21103605,2704149.75
21103606,2704149.75
21103607,2704149.75
21103608,2704149.75
21103609,2704149.75
21103610,2704149.75
21103611,2704149.75
21103612,2704149.75
21103613,2704149.75
21103614,2704149.75
21103615,2704149.75
21103616,2704149.75
21103617,2704149.75
21103618,2704149.75
21103619,2704149.75
21103620,2704149.75
21103621,2704149.75
21103622,2704149.75
21103623,2704149.75
21103624,2704149.75
21103625,2704149.75
21103626,2704149.75
21103627,2704149.75
21103628,2704149.75
21103629,2704149.75
21103630,2704149.75
21103631,2704149.75
21103632,2704149.75
21103633,2704149.75
21103634,2704149.75
21103635,2704149.75
21103636,2704149.75
21103637,2704149.75
21103638,2704149.75
21103639,2704149.75
21103640,2704149.75
21103641,2704149.75
21103642,2704149.75
21103643,2704149.75
21103644,2704149.75
21103645,2704149.75
21103646,2704149.75
21103647,2704149.75
21103648,2704149.75
21103649,2704149.75
21103650,2704149.75
21103651,2704149.75
21103652,2704149.75
21103653,2704149.75
21103654,2704149.75
21103655,2704149.75
21103656,2704149.75
21103657,2704149.75
21103658,2704149.75
21103659,2704149.75
21103660,2704149.75
21103661,2704149.75
21103662,2704149.75
21103663,2704149.75
21103664,2704149.75
21103665,2704149.75
21103666,2704149.75
21103667,2704149.75
21103668,2704149.75
21103669,2704149.75
21103670,2704149.75
21103671,2704149.75
21103672,2704149.75
21103673,2704149.75
21103674,2704149.75
21103675,2704149.75
21103676,2704149.75
21103677,2704149.75
21103678,2704149.75
21103679,2704149.75
21103680,2704149.75
21103681,2704149.75
21103682,2704149.75
21103683,2704149.75
21103684,2704149.75
21103685,2704149.75
21103686,2704149.75
21103687,2704149.75
21103688,2704149.75
21103689,2704149.75
21103690,2704149.75
21103691,2704149.75
21103692,2704149.75
21103693,2704149.75
21103694,2704149.75
21103695,2704149.75
21103696,2704149.75
21103697,2704149.75
21103698,2704149.75
21103699,2704149.75
21103700,2704149.75
21103701,2704149.75
21103702,2704149.75
21103703,2704149.75
21103704,2704149.75
21103705,2704149.75
21103706,2704149.75
21103707,2704149.75
21103708,2704149.75
21103709,2704149.75
21103710,2704149.75
21103711,2704149.75
21103712,2704149.75
21103713,2704149.75
21103714,2704149.75
21103715,2704149.75
21103716,2704149.75
21103717,2704149.75
21103718,2704149.75
21103719,2704149.75
21103720,2704149.75
21103721,2704149.75
21103722,2704149.75
21103723,2704149.75
21103724,2704149.75
21103725,2704149.75
21103726,2704149.75
21103727,2704149.75
21103728,2704149.75
21103729,2704149.75
21103730,2704149.75
21103731,2704149.75
21103732,2704149.75
21103733,2704149.75
21103734,2704149.75
21103735,2704149.75
21103736,2704149.75
21103737,2704149.75
21103738,2704149.75
21103739,2704149.75
21103740,2704149.75
21103741,2704149.75
21103742,2704149.75
21103743,2704149.75
21103744,2704149.75
21103745,2704149.75
21103746,2704149.75
21103747,2704149.75
21103748,2704149.75
21103749,2704149.75
21103750,2704149.75
21103751,2704149.75
21103752,2704149.75
21103753,2704149.75
21103754,2704149.75
21103755,2704149.75
21103756,2704149.75
21103757,2704149.75
21103758,2704149.75
21103759,2704149.75
21103760,2704149.75
21103761,2704149.75
21103762,2704149.75
21103763,2704149.75
21103764,2704149.75
21103765,2704149.75
21103766,2704149.75
21103767,2704149.75
21103768,2704149.75
21103769,2704149.75
21103770,2704149.75
21103771,2704149.75
21103772,2704149.75
21103773,2704149.75
21103774,2704149.75
21103775,2704149.75
21103776,2704149.75
21103777,2704149.75
21103778,2704149.75
21103779,2704149.75
21103780,2704149.75
21103781,2704149.75
21103782,2704149.75
21103783,2704149.75
21103784,2704149.75
21103785,2704149.75
21103786,2704149.75
21103787,2704149.75
21103788,2704149.75
21103789,2704149.75
21103790,2704149.75
21103791,2704149.75
21103792,2704149.75
21103793,2704149.75
21103794,2704149.75
21103795,2704149.75
21103796,2704149.75
21103797,2704149.75
21103798,2704149.75
21103799,2704149.75
21103800,2704149.75
21103801,2704149.75
21103802,2704149.75
21103803,2704149.75
21103804,2704149.75
21103805,2704149.75
21103806,2704149.75
21103807,2704149.75
21103808,2704149.75
21103809,2704149.75
21103810,2704149.75
21103811,2704149.75
21103812,2704149.75
21103813,2704149.75
21103814,2704149.75
21103815,2704149.75
21103816,2704149.75
21103817,2704149.75
21103818,2704149.75
21103819,2704149.75
21103820,2704149.75
21103821,2704149.75
21103822,2704149.75
21103823,2704149.75
21103824,2704149.75
21103825,2704149.75
21103826,2704149.75
21103827,2704149.75
21103828,2704149.75
21103829,2704149.75
21103830,2704149.75
21103831,2704149.75
21103832,2704149.75
21103833,2704149.75
21103834,2704149.75
21103835,2704149.75
21103836,2704149.75
21103837,2704149.75
21103838,2704149.75
21103839,2704149.75
21103840,2704149.75
21103841,2704149.75
21103842,2704149.75
21103843,2704149.75
21103844,2704149.75
21103845,2704149.75
21103846,2704149.75
21103847,2704149.75
21103848,2704149.75
21103849,2704149.75
21103850,2704149.75
21103851,2704149.75
21103852,2704149.75
21103853,2704149.75
21103854,2704149.75
21103855,2704149.75
21103856,2704149.75
21103857,2704149.75
21103858,2704149.75
21103859,2704149.75
21103860,2704149.75
21103861,2704149.75
21103862,2704149.75
21103863,2704149.75
21103864,2704149.75
21103865,2704149.75
21103866,2704149.75
21103867,2704149.75
21103868,2704149.75
21103869,2704149.75
21103870,2704149.75
21103871,2704149.75
21103872,2704149.75
21103873,2704149.75
21103874,2704149.75
21103875,2704149.75
21103876,2704149.75
21103877,2704149.75
21103878,2704149.75
21103879,2704149.75
21103880,2704149.75
21103881,2704149.75
21103882,2704149.75
21103883,2704149.75
21103884,2704149.75
21103885,2704149.75
21103886,2704149.75
21103887,2704149.75
21103888,2704149.75
21103889,2704149.75
21103890,2704149.75
21103891,2704149.75
21103892,2704149.75
21103893,2704149.75
21103894,2704149.75
21103895,2704149.75
21103896,2704149.75
21103897,2704149.75
21103898,2704149.75
21103899,2704149.75
21103900,2704149.75
21103901,2704149.75
21103902,2704149.75
21103903,2704149.75
21103904,2704149.75
21103905,2704149.75
21103906,2704149.75
21103907,2704149.75
21103908,2704149.75
21103909,2704149.75
21103910,2704149.75
21103911,2704149.75
21103912,2704149.75
21103913,2704149.75
21103914,2704149.75
21103915,2704149.75
21103916,2704149.75
21103917,2704149.75
21103918,2704149.75
21103919,2704149.75
21103920,2704149.75
21103921,2704149.75
21103922,2704149.75
21103923,2704149.75
21103924,2704149.75
21103925,2704149.75
21103926,2704149.75
21103927,2704149.75
21103928,2704149.75
21103929,2704149.75
21103930,2704149.75
21103931,2704149.75
21103932,2704149.75
21103933,2704149.75
21103934,2704149.75
21103935,2704149.75
21103936,2704149.75
21103937,2704149.75
21103938,2704149.75
21103939,2704149.75
21103940,2704149.75
21103941,2704149.75
21103942,2704149.75
21103943,2704149.75
21103944,2704149.75
21103945,2704149.75
21103946,2704149.75
21103947,2704149.75
21103948,2704149.75
21103949,2704149.75
21103950,2704149.75
21103951,2704149.75
21103952,2704149.75
21103953,2704149.75
21103954,2704149.75
21103955,2704149.75
21103956,2704149.75
21103957,2704149.75
21103958,2704149.75
21103959,2704149.75
21103960,2704149.75
21103961,2704149.75
21103962,2704149.75
21103963,2704149.75
21103964,2704149.75
21103965,2704149.75
21103966,2704149.75
21103967,2704149.75
21103968,2704149.75
21103969,2704149.75
21103970,2704149.75
21103971,2704149.75
21103972,2704149.75
21103973,2704149.75
21103974,2704149.75
21103975,2704149.75
21103976,2704149.75
21103977,2704149.75
21103978,2704149.75
21103979,2704149.75
21103980,2704149.75
21103981,2704149.75
21103982,2704149.75
21103983,2704149.75
21103984,2704149.75
21103985,2704149.75
21103986,2704149.75
21103987,2704149.75
21103988,2704149.75
21103989,2704149.75
21103990,2704149.75
21103991,2704149.75
21103992,2704149.75
21103993,2704149.75
21103994,2704149.75
21103995,2704149.75
21103996,2704149.75
21103997,2704149.75
21103998,2704149.75
21103999,2704149.75
21104000,2704149.75
21104001,2704149.75
21104002,2704149.75
21104003,2704149.75
21104004,2704149.75
21104005,2704149.75
21104006,2704149.75
21104007,2704149.75
21104008,2704149.75
21104009,2704149.75
21104010,2704149.75
21104011,2704149.75
21104012,2704149.75
21104013,2704149.75
21104014,2704149.75
21104015,2704149.75
21104016,2704149.75
21104017,2704149.75
21104018,2704149.75
21104019,2704149.75
21104020,2704149.75
21104021,2704149.75
21104022,2704149.75
21104023,2704149.75
21104024,2704149.75
21104025,2704149.75
21104026,2704149.75
21104027,2704149.75
21104028,2704149.75
21104029,2704149.75
21104030,2704149.75
21104031,2704149.75
21104032,2704149.75
21104033,2704149.75
21104034,2704149.75
21104035,2704149.75
21104036,2704149.75
21104037,2704149.75
21104038,2704149.75
21104039,2704149.75
21104040,2704149.75
21104041,2704149.75
21104042,2704149.75
21104043,2704149.75
21104044,2704149.75
21104045,2704149.75
21104046,2704149.75
21104047,2704149.75
21104048,2704149.75
21104049,2704149.75
21104050,2704149.75
21104051,2704149.75
21104052,2704149.75
21104053,2704149.75
21104054,2704149.75
21104055,2704149.75
21104056,2704149.75
21104057,2704149.75
21104058,2704149.75
21104059,2704149.75
21104060,2704149.75
21104061,2704149.75
21104062,2704149.75
21104063,2704149.75
21104064,2704149.75
21104065,2704149.75
21104066,2704149.75
21104067,2704149.75
21104068,2704149.75
21104069,2704149.75
21104070,2704149.75
21104071,2704149.75
21104072,2704149.75
21104073,2704149.75
21104074,2704149.75
21104075,2704149.75
21104076,2704149.75
21104077,2704149.75
21104078,2704149.75
21104079,2704149.75
21104080,2704149.75
21104081,2704149.75
21104082,2704149.75
21104083,2704149.75
21104084,2704149.75
21104085,2704149.75
21104086,2704149.75
21104087,2704149.75
21104088,2704149.75
21104089,2704149.75
21104090,2704149.75
21104091,2704149.75
21104092,2704149.75
21104093,2704149.75
21104094,2704149.75
21104095,2704149.75
21104096,2704149.75
21104097,2704149.75
21104098,2704149.75
21104099,2704149.75
21104100,2704149.75
21104101,2704149.75
21104102,2704149.75
21104103,2704149.75
21104104,2704149.75
21104105,2704149.75
21104106,2704149.75
21104107,2704149.75
21104108,2704149.75
21104109,2704149.75
21104110,2704149.75
21104111,2704149.75
21104112,2704149.75
21104113,2704149.75
21104114,2704149.75
21104115,2704149.75
21104116,2704149.75
21104117,2704149.75
21104118,2704149.75
21104119,2704149.75
21104120,2704149.75
21104121,2704149.75
21104122,2704149.75
21104123,2704149.75
21104124,2704149.75
21104125,2704149.75
21104126,2704149.75
21104127,2704149.75
21104128,2704149.75
21104129,2704149.75
21104130,2704149.75
21104131,2704149.75
21104132,2704149.75
21104133,2704149.75
21104134,2704149.75
21104135,2704149.75
21104136,2704149.75
21104137,2704149.75
21104138,2704149.75
21104139,2704149.75
21104140,2704149.75
21104141,2704149.75
21104142,2704149.75
21104143,2704149.75
21104144,2704149.75
21104145,2704149.75
21104146,2704149.75
21104147,2704149.75
21104148,2704149.75
21104149,2704149.75
21104150,2704149.75
21104151,2704149.75
21104152,2704149.75
21104153,2704149.75
21104154,2704149.75
21104155,2704149.75
21104156,2704149.75
21104157,2704149.75
21104158,2704149.75
21104159,2704149.75
21104160,2704149.75
21104161,2704149.75
21104162,2704149.75
21104163,2704149.75
21104164,2704149.75
21104165,2704149.75
21104166,2704149.75
21104167,2704149.75
21104168,2704149.75
21104169,2704149.75
21104170,2704149.75
21104171,2704149.75
21104172,2704149.75
21104173,2704149.75
21104174,2704149.75
21104175,2704149.75
21104176,2704149.75
21104177,2704149.75
21104178,2704149.75
21104179,2704149.75
21104180,2704149.75
21104181,2704149.75
21104182,2704149.75
21104183,2704149.75
21104184,2704149.75
21104185,2704149.75
21104186,2704149.75
21104187,2704149.75
21104188,2704149.75
21104189,2704149.75
21104190,2704149.75
21104191,2704149.75
21104192,2704149.75
21104193,2704149.75
21104194,2704149.75
21104195,2704149.75
21104196,2704149.75
21104197,2704149.75
21104198,2704149.75
21104199,2704149.75
21104200,2704149.75
21104201,2704149.75
21104202,2704149.75
21104203,2704149.75
21104204,2704149.75
21104205,2704149.75
21104206,2704149.75
21104207,2704149.75
21104208,2704149.75
21104209,2704149.75
21104210,2704149.75
21104211,2704149.75
21104212,2704149.75
21104213,2704149.75
21104214,2704149.75
21104215,2704149.75
21104216,2704149.75
21104217,2704149.75
21104218,2704149.75
21104219,2704149.75
21104220,2704149.75
21104221,2704149.75
21104222,2704149.75
21104223,2704149.75
21104224,2704149.75
21104225,2704149.75
21104226,2704149.75
21104227,2704149.75
21104228,2704149.75
21104229,2704149.75
21104230,2704149.75
21104231,2704149.75
21104232,2704149.75
21104233,2704149.75
21104234,2704149.75
21104235,2704149.75
21104236,2704149.75
21104237,2704149.75
21104238,2704149.75
21104239,2704149.75
21104240,2704149.75
21104241,2704149.75
21104242,2704149.75
21104243,2704149.75
21104244,2704149.75
21104245,2704149.75
21104246,2704149.75
21104247,2704149.75
21104248,2704149.75
21104249,2704149.75
21104250,2704149.75
21104251,2704149.75
21104252,2704149.75
21104253,2704149.75
21104254,2704149.75
21104255,2704149.75
21104256,2704149.75
21104257,2704149.75
21104258,2704149.75
21104259,2704149.75
21104260,2704149.75
21104261,2704149.75
21104262,2704149.75
21104263,2704149.75
21104264,2704149.75
21104265,2704149.75
21104266,2704149.75
21104267,2704149.75
21104268,2704149.75
21104269,2704149.75
21104270,2704149.75
21104271,2704149.75
21104272,2704149.75
21104273,2704149.75
21104274,2704149.75
21104275,2704149.75
21104276,2704149.75
21104277,2704149.75
21104278,2704149.75
21104279,2704149.75
21104280,2704149.75
21104281,2704149.75
21104282,2704149.75
21104283,2704149.75
21104284,2704149.75
21104285,2704149.75
21104286,2704149.75
21104287,2704149.75
21104288,2704149.75
21104289,2704149.75
21104290,2704149.75
21104291,2704149.75
21104292,2704149.75
21104293,2704149.75
21104294,2704149.75
21104295,2704149.75
21104296,2704149.75
21104297,2704149.75
21104298,2704149.75
21104299,2704149.75
21104300,2704149.75
21104301,2704149.75
21104302,2704149.75
21104303,2704149.75
21104304,2704149.75
21104305,2704149.75
21104306,2704149.75
21104307,2704149.75
21104308,2704149.75
21104309,2704149.75
21104310,2704149.75
21104311,2704149.75
21104312,2704149.75
21104313,2704149.75
21104314,2704149.75
21104315,2704149.75
21104316,2704149.75
21104317,2704149.75
21104318,2704149.75
21104319,2704149.75
21104320,2704149.75
21104321,2704149.75
21104322,2704149.75
21104323,2704149.75
21104324,2704149.75
21104325,2704149.75
21104326,2704149.75
21104327,2704149.75
21104328,2704149.75
21104329,2704149.75
21104330,2704149.75
21104331,2704149.75
21104332,2704149.75
21104333,2704149.75
21104334,2704149.75
21104335,2704149.75
21104336,2704149.75
21104337,2704149.75
21104338,2704149.75
21104339,2704149.75
21104340,2704149.75
21104341,2704149.75
21104342,2704149.75
21104343,2704149.75
21104344,2704149.75
21104345,2704149.75
21104346,2704149.75
21104347,2704149.75
21104348,2704149.75
21104349,2704149.75
21104350,2704149.75
21104351,2704149.75
21104352,2704149.75
21104353,2704149.75
21104354,2704149.75
21104355,2704149.75
21104356,2704149.75
21104357,2704149.75
21104358,2704149.75
21104359,2704149.75
21104360,2704149.75
21104361,2704149.75
21104362,2704149.75
21104363,2704149.75
21104364,2704149.75
21104365,2704149.75
21104366,2704149.75
21104367,2704149.75
21104368,2704149.75
21104369,2704149.75
21104370,2704149.75
21104371,2704149.75
21104372,2704149.75
21104373,2704149.75
21104374,2704149.75
21104375,2704149.75
21104376,2704149.75
21104377,2704149.75
21104378,2704149.75
21104379,2704149.75
21104380,2704149.75
21104381,2704149.75
21104382,2704149.75
21104383,2704149.75
21104384,2704149.75
21104385,2704149.75
21104386,2704149.75
21104387,2704149.75
21104388,2704149.75
21104389,2704149.75
21104390,2704149.75
21104391,2704149.75
21104392,2704149.75
21104393,2704149.75
21104394,2704149.75
21104395,2704149.75
21104396,2704149.75
21104397,2704149.75
21104398,2704149.75
21104399,2704149.75
21104400,2704149.75
21104401,2704149.75
21104402,2704149.75
21104403,2704149.75
21104404,2704149.75
21104405,2704149.75
21104406,2704149.75
21104407,2704149.75
21104408,2704149.75
21104409,2704149.75
21104410,2704149.75
21104411,2704149.75
21104412,2704149.75
21104413,2704149.75
21104414,2704149.75
21104415,2704149.75
21104416,2704149.75
21104417,2704149.75
21104418,2704149.75
21104419,2704149.75
21104420,2704149.75
21104421,2704149.75
21104422,2704149.75
21104423,2704149.75
21104424,2704149.75
21104425,2704149.75
21104426,2704149.75
21104427,2704149.75
21104428,2704149.75
21104429,2704149.75
21104430,2704149.75
21104431,2704149.75
21104432,2704149.75
21104433,2704149.75
21104434,2704149.75
21104435,2704149.75
21104436,2704149.75
21104437,2704149.75
21104438,2704149.75
21104439,2704149.75
21104440,2704149.75
21104441,2704149.75
21104442,2704149.75
21104443,2704149.75
21104444,2704149.75
21104445,2704149.75
21104446,2704149.75
21104447,2704149.75
21104448,2704149.75
21104449,2704149.75
21104450,2704149.75
21104451,2704149.75
21104452,2704149.75
21104453,2704149.75
21104454,2704149.75
21104455,2704149.75
21104456,2704149.75
21104457,2704149.75
21104458,2704149.75
21104459,2704149.75
21104460,2704149.75
21104461,2704149.75
21104462,2704149.75
21104463,2704149.75
21104464,2704149.75
21104465,2704149.75
21104466,2704149.75
21104467,2704149.75
21104468,2704149.75
21104469,2704149.75
21104470,2704149.75
21104471,2704149.75
21104472,2704149.75
21104473,2704149.75
21104474,2704149.75
21104475,2704149.75
21104476,2704149.75
21104477,2704149.75
21104478,2704149.75
21104479,2704149.75
21104480,2704149.75
21104481,2704149.75
21104482,2704149.75
21104483,2704149.75
21104484,2704149.75
21104485,2704149.75
21104486,2704149.75
21104487,2704149.75
21104488,2704149.75
21104489,2704149.75
21104490,2704149.75
21104491,2704149.75
21104492,2704149.75
21104493,2704149.75
21104494,2704149.75
21104495,2704149.75
21104496,2704149.75
21104497,2704149.75
21104498,2704149.75
21104499,2704149.75
21104500,2704149.75
21104501,2704149.75
21104502,2704149.75
21104503,2704149.75
21104504,2704149.75
21104505,2704149.75
21104506,2704149.75
21104507,2704149.75
21104508,2704149.75
21104509,2704149.75
21104510,2704149.75
21104511,2704149.75
21104512,2704149.75
21104513,2704149.75
21104514,2704149.75
21104515,2704149.75
21104516,2704149.75
21104517,2704149.75
21104518,2704149.75
21104519,2704149.75
21104520,2704149.75
21104521,2704149.75
21104522,2704149.75
21104523,2704149.75
21104524,2704149.75
21104525,2704149.75
21104526,2704149.75
21104527,2704149.75
21104528,2704149.75
21104529,2704149.75
21104530,2704149.75
21104531,2704149.75
21104532,2704149.75
21104533,2704149.75
21104534,2704149.75
21104535,2704149.75
21104536,2704149.75
21104537,2704149.75
21104538,2704149.75
21104539,2704149.75
21104540,2704149.75
21104541,2704149.75
21104542,2704149.75
21104543,2704149.75
21104544,2704149.75
21104545,2704149.75
21104546,2704149.75
21104547,2704149.75
21104548,2704149.75
21104549,2704149.75
21104550,2704149.75
21104551,2704149.75
21104552,2704149.75
21104553,2704149.75
21104554,2704149.75
21104555,2704149.75
21104556,2704149.75
21104557,2704149.75
21104558,2704149.75
21104559,2704149.75
21104560,2704149.75
21104561,2704149.75
21104562,2704149.75
21104563,2704149.75
21104564,2704149.75
21104565,2704149.75
21104566,2704149.75
21104567,2704149.75
21104568,2704149.75
21104569,2704149.75
21104570,2704149.75
21104571,2704149.75
21104572,2704149.75
21104573,2704149.75
21104574,2704149.75
21104575,2704149.75
21104576,2704149.75
21104577,2704149.75
21104578,2704149.75
21104579,2704149.75
21104580,2704149.75
21104581,2704149.75
21104582,2704149.75
21104583,2704149.75
21104584,2704149.75
21104585,2704149.75
21104586,2704149.75
21104587,2704149.75
21104588,2704149.75
21104589,2704149.75
21104590,2704149.75
21104591,2704149.75
21104592,2704149.75
21104593,2704149.75
21104594,2704149.75
21104595,2704149.75
21104596,2704149.75
21104597,2704149.75
21104598,2704149.75
21104599,2704149.75
21104600,2704149.75
21104601,2704149.75
21104602,2704149.75
21104603,2704149.75
21104604,2704149.75
21104605,2704149.75
21104606,2704149.75
21104607,2704149.75
21104608,2704149.75
21104609,2704149.75
21104610,2704149.75
21104611,2704149.75
21104612,2704149.75
21104613,2704149.75
21104614,2704149.75
21104615,2704149.75
21104616,2704149.75
21104617,2704149.75
21104618,2704149.75
21104619,2704149.75
21104620,2704149.75
21104621,2704149.75
21104622,2704149.75
21104623,2704149.75
21104624,2704149.75
21104625,2704149.75
21104626,2704149.75
21104627,2704149.75
21104628,2704149.75
21104629,2704149.75
21104630,2704149.75
21104631,2704149.75
21104632,2704149.75
21104633,2704149.75
21104634,2704149.75
21104635,2704149.75
21104636,2704149.75
21104637,2704149.75
21104638,2704149.75
21104639,2704149.75
21104640,2704149.75
21104641,2704149.75
21104642,2704149.75
21104643,2704149.75
21104644,2704149.75
21104645,2704149.75
21104646,2704149.75
21104647,2704149.75
21104648,2704149.75
21104649,2704149.75
21104650,2704149.75
21104651,2704149.75
21104652,2704149.75
21104653,2704149.75
21104654,2704149.75
21104655,2704149.75
21104656,2704149.75
21104657,2704149.75
21104658,2704149.75
21104659,2704149.75
21104660,2704149.75
21104661,2704149.75
21104662,2704149.75
21104663,2704149.75
21104664,2704149.75
21104665,2704149.75
21104666,2704149.75
21104667,2704149.75
21104668,2704149.75
21104669,2704149.75
21104670,2704149.75
21104671,2704149.75
21104672,2704149.75
21104673,2704149.75
21104674,2704149.75
21104675,2704149.75
21104676,2704149.75
21104677,2704149.75
21104678,2704149.75
21104679,2704149.75
21104680,2704149.75
21104681,2704149.75
21104682,2704149.75
21104683,2704149.75
21104684,2704149.75
21104685,2704149.75
21104686,2704149.75
21104687,2704149.75
21104688,2704149.75
21104689,2704149.75
21104690,2704149.75
21104691,2704149.75
21104692,2704149.75
21104693,2704149.75
21104694,2704149.75
21104695,2704149.75
21104696,2704149.75
21104697,2704149.75
21104698,2704149.75
21104699,2704149.75
21104700,2704149.75
21104701,2704149.75
21104702,2704149.75
21104703,2704149.75
21104704,2704149.75
21104705,2704149.75
21104706,2704149.75
21104707,2704149.75
21104708,2704149.75
21104709,2704149.75
21104710,2704149.75
21104711,2704149.75
21104712,2704149.75
21104713,2704149.75
21104714,2704149.75
21104715,2704149.75
21104716,2704149.75
21104717,2704149.75
21104718,2704149.75
21104719,2704149.75
21104720,2704149.75
21104721,2704149.75
21104722,2704149.75
21104723,2704149.75
21104724,2704149.75
21104725,2704149.75
21104726,2704149.75
21104727,2704149.75
21104728,2704149.75
21104729,2704149.75
21104730,2704149.75
21104731,2704149.75
21104732,2704149.75
21104733,2704149.75
21104734,2704149.75
21104735,2704149.75
21104736,2704149.75
21104737,2704149.75
21104738,2704149.75
21104739,2704149.75
21104740,2704149.75
21104741,2704149.75
21104742,2704149.75
21104743,2704149.75
21104744,2704149.75
21104745,2704149.75
21104746,2704149.75
21104747,2704149.75
21104748,2704149.75
21104749,2704149.75
21104750,2704149.75
21104751,2704149.75
21104752,2704149.75
21104753,2704149.75
21104754,2704149.75
21104755,2704149.75
21104756,2704149.75
21104757,2704149.75
21104758,2704149.75
21104759,2704149.75
21104760,2704149.75
21104761,2704149.75
21104762,2704149.75
21104763,2704149.75
21104764,2704149.75
21104765,2704149.75
21104766,2704149.75
21104767,2704149.75
21104768,2704149.75
21104769,2704149.75
21104770,2704149.75
21104771,2704149.75
21104772,2704149.75
21104773,2704149.75
21104774,2704149.75
21104775,2704149.75
21104776,2704149.75
21104777,2704149.75
21104778,2704149.75
21104779,2704149.75
21104780,2704149.75
21104781,2704149.75
21104782,2704149.75
21104783,2704149.75
21104784,2704149.75
21104785,2704149.75
21104786,2704149.75
21104787,2704149.75
21104788,2704149.75
21104789,2704149.75
21104790,2704149.75
21104791,2704149.75
21104792,2704149.75
21104793,2704149.75
21104794,2704149.75
21104795,2704149.75
21104796,2704149.75
21104797,2704149.75
21104798,2704149.75
21104799,2704149.75
21104800,2704149.75
21104801,2704149.75
21104802,2704149.75
21104803,2704149.75
21104804,2704149.75
21104805,2704149.75
21104806,2704149.75
21104807,2704149.75
21104808,2704149.75
21104809,2704149.75
21104810,2704149.75
21104811,2704149.75
21104812,2704149.75
21104813,2704149.75
21104814,2704149.75
21104815,2704149.75
21104816,2704149.75
21104817,2704149.75
21104818,2704149.75
21104819,2704149.75
21104820,2704149.75
21104821,2704149.75
21104822,2704149.75
21104823,2704149.75
21104824,2704149.75
21104825,2704149.75
21104826,2704149.75
21104827,2704149.75
21104828,2704149.75
21104829,2704149.75
21104830,2704149.75
21104831,2704149.75
21104832,2704149.75
21104833,2704149.75
21104834,2704149.75
21104835,2704149.75
21104836,2704149.75
21104837,2704149.75
21104838,2704149.75
21104839,2704149.75
21104840,2704149.75
21104841,2704149.75
21104842,2704149.75
21104843,2704149.75
21104844,2704149.75
21104845,2704149.75
21104846,2704149.75
21104847,2704149.75
21104848,2704149.75
21104849,2704149.75
21104850,2704149.75
21104851,2704149.75
21104852,2704149.75
21104853,2704149.75
21104854,2704149.75
21104855,2704149.75
21104856,2704149.75
21104857,2704149.75
21104858,2704149.75
21104859,2704149.75
21104860,2704149.75
21104861,2704149.75
21104862,2704149.75
21104863,2704149.75
21104864,2704149.75
21104865,2704149.75
21104866,2704149.75
21104867,2704149.75
21104868,2704149.75
21104869,2704149.75
21104870,2704149.75
21104871,2704149.75
21104872,2704149.75
21104873,2704149.75
21104874,2704149.75
21104875,2704149.75
21104876,2704149.75
21104877,2704149.75
21104878,2704149.75
21104879,2704149.75
21104880,2704149.75
21104881,2704149.75
21104882,2704149.75
21104883,2704149.75
21104884,2704149.75
21104885,2704149.75
21104886,2704149.75
21104887,2704149.75
21104888,2704149.75
21104889,2704149.75
21104890,2704149.75
21104891,2704149.75
21104892,2704149.75
21104893,2704149.75
21104894,2704149.75
21104895,2704149.75
21104896,2704149.75
21104897,2704149.75
21104898,2704149.75
21104899,2704149.75
21104900,2704149.75
21104901,2704149.75
21104902,2704149.75
21104903,2704149.75
21104904,2704149.75
21104905,2704149.75
21104906,2704149.75
21104907,2704149.75
21104908,2704149.75
21104909,2704149.75
21104910,2704149.75
21104911,2704149.75
21104912,2704149.75
21104913,2704149.75
21104914,2704149.75
21104915,2704149.75
21104916,2704149.75
21104917,2704149.75
21104918,2704149.75
21104919,2704149.75
21104920,2704149.75
21104921,2704149.75
21104922,2704149.75
21104923,2704149.75
21104924,2704149.75
21104925,2704149.75
21104926,2704149.75
21104927,2704149.75
21104928,2704149.75
21104929,2704149.75
21104930,2704149.75
21104931,2704149.75
21104932,2704149.75
21104933,2704149.75
21104934,2704149.75
21104935,2704149.75
21104936,2704149.75
21104937,2704149.75
21104938,2704149.75
21104939,2704149.75
21104940,2704149.75
21104941,2704149.75
21104942,2704149.75
21104943,2704149.75
21104944,2704149.75
21104945,2704149.75
21104946,2704149.75
21104947,2704149.75
21104948,2704149.75
21104949,2704149.75
21104950,2704149.75
21104951,2704149.75
21104952,2704149.75
21104953,2704149.75
21104954,2704149.75
21104955,2704149.75
21104956,2704149.75
21104957,2704149.75
21104958,2704149.75
21104959,2704149.75
21104960,2704149.75
21104961,2704149.75
21104962,2704149.75
21104963,2704149.75
21104964,2704149.75
21104965,2704149.75
21104966,2704149.75
21104967,2704149.75
21104968,2704149.75
21104969,2704149.75
21104970,2704149.75
21104971,2704149.75
21104972,2704149.75
21104973,2704149.75
21104974,2704149.75
21104975,2704149.75
21104976,2704149.75
21104977,2704149.75
21104978,2704149.75
21104979,2704149.75
21104980,2704149.75
21104981,2704149.75
21104982,2704149.75
21104983,2704149.75
21104984,2704149.75
21104985,2704149.75
21104986,2704149.75
21104987,2704149.75
21104988,2704149.75
21104989,2704149.75
21104990,2704149.75
21104991,2704149.75
21104992,2704149.75
21104993,2704149.75
21104994,2704149.75
21104995,2704149.75
21104996,2704149.75
21104997,2704149.75
21104998,2704149.75
21104999,2704149.75
21105000,2704149.75
21105001,2704149.75
21105002,2704149.75
21105003,2704149.75
21105004,2704149.75
21105005,2704149.75
21105006,2704149.75
21105007,2704149.75
21105008,2704149.75
21105009,2704149.75
21105010,2704149.75
21105011,2704149.75
21105012,2704149.75
21105013,2704149.75
21105014,2704149.75
21105015,2704149.75
21105016,2704149.75
21105017,2704149.75
21105018,2704149.75
21105019,2704149.75
21105020,2704149.75
21105021,2704149.75
21105022,2704149.75
21105023,2704149.75
21105024,2704149.75
21105025,2704149.75
21105026,2704149.75
21105027,2704149.75
21105028,2704149.75
21105029,2704149.75
21105030,2704149.75
21105031,2704149.75
21105032,2704149.75
21105033,2704149.75
21105034,2704149.75
21105035,2704149.75
21105036,2704149.75
21105037,2704149.75
21105038,2704149.75
21105039,2704149.75
21105040,2704149.75
21105041,2704149.75
21105042,2704149.75
21105043,2704149.75
21105044,2704149.75
21105045,2704149.75
21105046,2704149.75
21105047,2704149.75
21105048,2704149.75
21105049,2704149.75
21105050,2704149.75
21105051,2704149.75
21105052,2704149.75
21105053,2704149.75
21105054,2704149.75
21105055,2704149.75
21105056,2704149.75
21105057,2704149.75
21105058,2704149.75
21105059,2704149.75
21105060,2704149.75
21105061,2704149.75
21105062,2704149.75
21105063,2704149.75
21105064,2704149.75
21105065,2704149.75
21105066,2704149.75
21105067,2704149.75
21105068,2704149.75
21105069,2704149.75
21105070,2704149.75
21105071,2704149.75
21105072,2704149.75
21105073,2704149.75
21105074,2704149.75
21105075,2704149.75
21105076,2704149.75
21105077,2704149.75
21105078,2704149.75
21105079,2704149.75
21105080,2704149.75
21105081,2704149.75
21105082,2704149.75
21105083,2704149.75
21105084,2704149.75
21105085,2704149.75
21105086,2704149.75
21105087,2704149.75
21105088,2704149.75
21105089,2704149.75
21105090,2704149.75
21105091,2704149.75
21105092,2704149.75
21105093,2704149.75
21105094,2704149.75
21105095,2704149.75
21105096,2704149.75
21105097,2704149.75
21105098,2704149.75
21105099,2704149.75
21105100,2704149.75
21105101,2704149.75
21105102,2704149.75
21105103,2704149.75
21105104,2704149.75
21105105,2704149.75
21105106,2704149.75
21105107,2704149.75
21105108,2704149.75
21105109,2704149.75
21105110,2704149.75
21105111,2704149.75
21105112,2704149.75
21105113,2704149.75
21105114,2704149.75
21105115,2704149.75
21105116,2704149.75
21105117,2704149.75
21105118,2704149.75
21105119,2704149.75
21105120,2704149.75
21105121,2704149.75
21105122,2704149.75
21105123,2704149.75
21105124,2704149.75
21105125,2704149.75
21105126,2704149.75
21105127,2704149.75
21105128,2704149.75
21105129,2704149.75
21105130,2704149.75
21105131,2704149.75
21105132,2704149.75
21105133,2704149.75
21105134,2704149.75
21105135,2704149.75
21105136,2704149.75
21105137,2704149.75
21105138,2704149.75
21105139,2704149.75
21105140,2704149.75
21105141,2704149.75
21105142,2704149.75
21105143,2704149.75
21105144,2704149.75
21105145,2704149.75
21105146,2704149.75
21105147,2704149.75
21105148,2704149.75
21105149,2704149.75
21105150,2704149.75
21105151,2704149.75
21105152,2704149.75
21105153,2704149.75
21105154,2704149.75
21105155,2704149.75
21105156,2704149.75
21105157,2704149.75
21105158,2704149.75
21105159,2704149.75
21105160,2704149.75
21105161,2704149.75
21105162,2704149.75
21105163,2704149.75
21105164,2704149.75
21105165,2704149.75
21105166,2704149.75
21105167,2704149.75
21105168,2704149.75
21105169,2704149.75
21105170,2704149.75
21105171,2704149.75
21105172,2704149.75
21105173,2704149.75
21105174,2704149.75
21105175,2704149.75
21105176,2704149.75
21105177,2704149.75
21105178,2704149.75
21105179,2704149.75
21105180,2704149.75
21105181,2704149.75
21105182,2704149.75
21105183,2704149.75
21105184,2704149.75
21105185,2704149.75
21105186,2704149.75
21105187,2704149.75
21105188,2704149.75
21105189,2704149.75
21105190,2704149.75
21105191,2704149.75
21105192,2704149.75
21105193,2704149.75
21105194,2704149.75
21105195,2704149.75
21105196,2704149.75
21105197,2704149.75
21105198,2704149.75
21105199,2704149.75
21105200,2704149.75
21105201,2704149.75
21105202,2704149.75
21105203,2704149.75
21105204,2704149.75
21105205,2704149.75
21105206,2704149.75
21105207,2704149.75
21105208,2704149.75
21105209,2704149.75
21105210,2704149.75
21105211,2704149.75
21105212,2704149.75
21105213,2704149.75
21105214,2704149.75
21105215,2704149.75
21105216,2704149.75
21105217,2704149.75
21105218,2704149.75
21105219,2704149.75
21105220,2704149.75
21105221,2704149.75
21105222,2704149.75
21105223,2704149.75
21105224,2704149.75
21105225,2704149.75
21105226,2704149.75
21105227,2704149.75
21105228,2704149.75
21105229,2704149.75
21105230,2704149.75
21105231,2704149.75
21105232,2704149.75
21105233,2704149.75
21105234,2704149.75
21105235,2704149.75
21105236,2704149.75
21105237,2704149.75
21105238,2704149.75
21105239,2704149.75
21105240,2704149.75
21105241,2704149.75
21105242,2704149.75
21105243,2704149.75
21105244,2704149.75
21105245,2704149.75
21105246,2704149.75
21105247,2704149.75
21105248,2704149.75
21105249,2704149.75
21105250,2704149.75
21105251,2704149.75
21105252,2704149.75
21105253,2704149.75
21105254,2704149.75
21105255,2704149.75
21105256,2704149.75
21105257,2704149.75
21105258,2704149.75
21105259,2704149.75
21105260,2704149.75
21105261,2704149.75
21105262,2704149.75
21105263,2704149.75
21105264,2704149.75
21105265,2704149.75
21105266,2704149.75
21105267,2704149.75
21105268,2704149.75
21105269,2704149.75
21105270,2704149.75
21105271,2704149.75
21105272,2704149.75
21105273,2704149.75
21105274,2704149.75
21105275,2704149.75
21105276,2704149.75
21105277,2704149.75
21105278,2704149.75
21105279,2704149.75
21105280,2704149.75
21105281,2704149.75
21105282,2704149.75
21105283,2704149.75
21105284,2704149.75
21105285,2704149.75
21105286,2704149.75
21105287,2704149.75
21105288,2704149.75
21105289,2704149.75
21105290,2704149.75
21105291,2704149.75
21105292,2704149.75
21105293,2704149.75
21105294,2704149.75
21105295,2704149.75
21105296,2704149.75
21105297,2704149.75
21105298,2704149.75
21105299,2704149.75
21105300,2704149.75
21105301,2704149.75
21105302,2704149.75
21105303,2704149.75
21105304,2704149.75
21105305,2704149.75
21105306,2704149.75
21105307,2704149.75
21105308,2704149.75
21105309,2704149.75
21105310,2704149.75
21105311,2704149.75
21105312,2704149.75
21105313,2704149.75
21105314,2704149.75
21105315,2704149.75
21105316,2704149.75
21105317,2704149.75
21105318,2704149.75
21105319,2704149.75
21105320,2704149.75
21105321,2704149.75
21105322,2704149.75
21105323,2704149.75
21105324,2704149.75
21105325,2704149.75
21105326,2704149.75
21105327,2704149.75
21105328,2704149.75
21105329,2704149.75
21105330,2704149.75
21105331,2704149.75
21105332,2704149.75
21105333,2704149.75
21105334,2704149.75
21105335,2704149.75
21105336,2704149.75
21105337,2704149.75
21105338,2704149.75
21105339,2704149.75
21105340,2704149.75
21105341,2704149.75
21105342,2704149.75
21105343,2704149.75
21105344,2704149.75
21105345,2704149.75
21105346,2704149.75
21105347,2704149.75
21105348,2704149.75
21105349,2704149.75
21105350,2704149.75
21105351,2704149.75
21105352,2704149.75
21105353,2704149.75
21105354,2704149.75
21105355,2704149.75
21105356,2704149.75
21105357,2704149.75
21105358,2704149.75
21105359,2704149.75
21105360,2704149.75
21105361,2704149.75
21105362,2704149.75
21105363,2704149.75
21105364,2704149.75
21105365,2704149.75
21105366,2704149.75
21105367,2704149.75
21105368,2704149.75
21105369,2704149.75
21105370,2704149.75
21105371,2704149.75
21105372,2704149.75
21105373,2704149.75
21105374,2704149.75
21105375,2704149.75
21105376,2704149.75
21105377,2704149.75
21105378,2704149.75
21105379,2704149.75
21105380,2704149.75
21105381,2704149.75
21105382,2704149.75
21105383,2704149.75
21105384,2704149.75
21105385,2704149.75
21105386,2704149.75
21105387,2704149.75
21105388,2704149.75
21105389,2704149.75
21105390,2704149.75
21105391,2704149.75
21105392,2704149.75
21105393,2704149.75
21105394,2704149.75
21105395,2704149.75
21105396,2704149.75
21105397,2704149.75
21105398,2704149.75
21105399,2704149.75
21105400,2704149.75
21105401,2704149.75
21105402,2704149.75
21105403,2704149.75
21105404,2704149.75
21105405,2704149.75
21105406,2704149.75
21105407,2704149.75
21105408,2704149.75
21105409,2704149.75
21105410,2704149.75
21105411,2704149.75
21105412,2704149.75
21105413,2704149.75
21105414,2704149.75
21105415,2704149.75
21105416,2704149.75
21105417,2704149.75
21105418,2704149.75
21105419,2704149.75
21105420,2704149.75
21105421,2704149.75
21105422,2704149.75
21105423,2704149.75
21105424,2704149.75
21105425,2704149.75
21105426,2704149.75
21105427,2704149.75
21105428,2704149.75
21105429,2704149.75
21105430,2704149.75
21105431,2704149.75
21105432,2704149.75
21105433,2704149.75
21105434,2704149.75
21105435,2704149.75
21105436,2704149.75
21105437,2704149.75
21105438,2704149.75
21105439,2704149.75
21105440,2704149.75
21105441,2704149.75
21105442,2704149.75
21105443,2704149.75
21105444,2704149.75
21105445,2704149.75
21105446,2704149.75
21105447,2704149.75
21105448,2704149.75
21105449,2704149.75
21105450,2704149.75
21105451,2704149.75
21105452,2704149.75
21105453,2704149.75
21105454,2704149.75
21105455,2704149.75
21105456,2704149.75
21105457,2704149.75
21105458,2704149.75
21105459,2704149.75
21105460,2704149.75
21105461,2704149.75
21105462,2704149.75
21105463,2704149.75
21105464,2704149.75
21105465,2704149.75
21105466,2704149.75
21105467,2704149.75
21105468,2704149.75
21105469,2704149.75
21105470,2704149.75
21105471,2704149.75
21105472,2704149.75
21105473,2704149.75
21105474,2704149.75
21105475,2704149.75
21105476,2704149.75
21105477,2704149.75
21105478,2704149.75
21105479,2704149.75
21105480,2704149.75
21105481,2704149.75
21105482,2704149.75
21105483,2704149.75
21105484,2704149.75
21105485,2704149.75
21105486,2704149.75
21105487,2704149.75
21105488,2704149.75
21105489,2704149.75
21105490,2704149.75
21105491,2704149.75
21105492,2704149.75
21105493,2704149.75
21105494,2704149.75
21105495,2704149.75
21105496,2704149.75
21105497,2704149.75
21105498,2704149.75
21105499,2704149.75
21105500,2704149.75
21105501,2704149.75
21105502,2704149.75
21105503,2704149.75
21105504,2704149.75
21105505,2704149.75
21105506,2704149.75
21105507,2704149.75
21105508,2704149.75
21105509,2704149.75
21105510,2704149.75
21105511,2704149.75
21105512,2704149.75
21105513,2704149.75
21105514,2704149.75
21105515,2704149.75
21105516,2704149.75
21105517,2704149.75
21105518,2704149.75
21105519,2704149.75
21105520,2704149.75
21105521,2704149.75
21105522,2704149.75
21105523,2704149.75
21105524,2704149.75
21105525,2704149.75
21105526,2704149.75
21105527,2704149.75
21105528,2704149.75
21105529,2704149.75
21105530,2704149.75
21105531,2704149.75
21105532,2704149.75
21105533,2704149.75
21105534,2704149.75
21105535,2704149.75
21105536,2704149.75
21105537,2704149.75
21105538,2704149.75
21105539,2704149.75
21105540,2704149.75
21105541,2704149.75
21105542,2704149.75
21105543,2704149.75
21105544,2704149.75
21105545,2704149.75
21105546,2704149.75
21105547,2704149.75
21105548,2704149.75
21105549,2704149.75
21105550,2704149.75
21105551,2704149.75
21105552,2704149.75
21105553,2704149.75
21105554,2704149.75
21105555,2704149.75
21105556,2704149.75
21105557,2704149.75
21105558,2704149.75
21105559,2704149.75
21105560,2704149.75
21105561,2704149.75
21105562,2704149.75
21105563,2704149.75
21105564,2704149.75
21105565,2704149.75
21105566,2704149.75
21105567,2704149.75
21105568,2704149.75
21105569,2704149.75
21105570,2704149.75
21105571,2704149.75
21105572,2704149.75
21105573,2704149.75
21105574,2704149.75
21105575,2704149.75
21105576,2704149.75
21105577,2704149.75
21105578,2704149.75
21105579,2704149.75
21105580,2704149.75
21105581,2704149.75
21105582,2704149.75
21105583,2704149.75
21105584,2704149.75
21105585,2704149.75
21105586,2704149.75
21105587,2704149.75
21105588,2704149.75
21105589,2704149.75
21105590,2704149.75
21105591,2704149.75
21105592,2704149.75
21105593,2704149.75
21105594,2704149.75
21105595,2704149.75
21105596,2704149.75
21105597,2704149.75
21105598,2704149.75
21105599,2704149.75
21105600,2704149.75
21105601,2704149.75
21105602,2704149.75
21105603,2704149.75
21105604,2704149.75
21105605,2704149.75
21105606,2704149.75
21105607,2704149.75
21105608,2704149.75
21105609,2704149.75
21105610,2704149.75
21105611,2704149.75
21105612,2704149.75
21105613,2704149.75
21105614,2704149.75
21105615,2704149.75
