ID,Price
21100001,401658.88
21100002,996982.2
21100003,1503084.4
21100004,2399130.0
21100005,2851395.8
21100006,2662167.2
21100007,3220288.5
21100008,2450257.0
21100009,344859.84
21100010,1240535.2
21100011,3529413.2
21100012,1387105.2
21100013,1604455.0
21100014,1903643.2
21100015,685491.8
21100016,1027933.7
21100017,2329895.0
21100018,257956.98
21100019,703587.75
21100020,425994.5
21100021,241798.14
21100022,700528.6
21100023,351731.38
21100024,468439.25
21100025,1412748.5
21100026,3086238.8
21100027,1020343.4
21100028,407968.16
21100029,866993.44
21100030,1534383.2
21100031,658061.94
21100032,631291.9
21100033,1089831.1
21100034,1305845.4
21100035,740378.94
21100036,367513.62
21100037,678376.25
21100038,896832.06
21100039,959857.8
21100040,732925.2
21100041,2156638.2
21100042,345409.88
21100043,987557.94
21100044,252716.56
21100045,595930.5
21100046,664334.56
21100047,1227177.8
21100048,714115.06
21100049,2274761.0
21100050,1315834.0
21100051,358843.12
21100052,706827.25
21100053,2097623.2
21100054,941233.0
21100055,143320.7
21100056,1552173.1
21100057,499982.6
21100058,1446548.1
21100059,364435.22
21100060,1014383.1
21100061,202983.48
21100062,834804.1
21100063,1904628.4
21100064,559851.94
21100065,687423.06
21100066,259865.36
21100067,2696732.0
21100068,1002601.94
21100069,639505.1
21100070,1532904.9
21100071,1515191.6
21100072,2244621.8
21100073,670957.2
21100074,2142194.5
21100075,744815.25
21100076,705599.44
21100077,303650.47
21100078,431659.16
21100079,834587.56
21100080,2629530.5
21100081,399272.1
21100082,589382.56
21100083,1241659.8
21100084,462131.78
21100085,471571.28
21100086,144717.56
21100087,610953.9
21100088,156727.61
21100089,911228.75
21100090,660630.5
21100091,2254588.0
21100092,2563385.5
21100093,172558.2
21100094,3021299.5
21100095,668852.4
21100096,479954.03
21100097,695684.06
21100098,1035864.0
21100099,1465349.2
21100100,2471317.0
21100101,946673.44
21100102,860451.4
21100103,428938.3
21100104,1010143.6
21100105,430623.78
21100106,742336.75
21100107,3873915.0
21100108,408252.22
21100109,1847244.4
21100110,253098.27
21100111,408071.97
21100112,267790.53
21100113,1638753.2
21100114,5127365.5
21100115,494578.28
21100116,131997.78
21100117,561837.6
21100118,430226.97
21100119,1906037.4
21100120,983176.2
21100121,1643543.9
21100122,731358.7
21100123,257502.31
21100124,1695800.8
21100125,807392.1
21100126,333339.3
21100127,662950.75
21100128,632043.2
21100129,1899036.0
21100130,2301649.2
21100131,600920.75
21100132,668968.5
21100133,331790.56
21100134,2764675.8
21100135,1057623.2
21100136,322188.38
21100137,378232.66
21100138,964190.8
21100139,481155.94
21100140,2980710.2
21100141,1577322.8
21100142,1136052.8
21100143,796137.0
21100144,2034737.4
21100145,532016.06
21100146,1034220.56
21100147,1032468.2
21100148,1351801.4
21100149,1073094.9
21100150,843103.2
21100151,828139.56
21100152,1473220.1
21100153,3281166.2
21100154,1637752.4
21100155,1484042.0
21100156,916239.06
21100157,177494.4
21100158,1028203.06
21100159,850008.7
21100160,742748.06
21100161,662435.7
21100162,1268680.4
21100163,702008.9
21100164,1372961.4
21100165,1036245.94
21100166,2553806.8
21100167,212215.73
21100168,987469.44
21100169,937869.8
21100170,660414.06
21100171,1641385.6
21100172,1120352.5
21100173,865936.7
21100174,1817422.5
21100175,519605.53
21100176,830615.75
21100177,597627.75
21100178,2523060.0
21100179,1148321.6
21100180,1232287.6
21100181,569618.75
21100182,1919824.8
21100183,837048.94
21100184,355231.0
21100185,429662.34
21100186,1459770.2
21100187,191646.05
21100188,754382.1
21100189,548357.25
21100190,681094.75
21100191,971300.75
21100192,973831.44
21100193,1907109.1
21100194,929247.7
21100195,461372.75
21100196,392644.84
21100197,739111.44
21100198,3572554.5
21100199,425751.6
21100200,521091.34
21100201,540603.1
21100202,814006.2
21100203,1404053.1
21100204,1203521.0
21100205,490006.53
21100206,749602.75
21100207,1473704.5
21100208,1260056.9
21100209,763520.4
21100210,785187.5
21100211,1519990.2
21100212,535575.75
21100213,1663693.8
21100214,1548007.8
21100215,390123.78
21100216,1727212.6
21100217,1439962.5
21100218,379345.8
21100219,233929.8
21100220,313354.38
21100221,2037528.5
21100222,868364.7
21100223,1037901.56
21100224,656930.25
21100225,370395.88
21100226,352704.4
21100227,566691.25
21100228,2249562.5
21100229,1036590.0
21100230,1145550.4
21100231,1675158.9
21100232,873024.8
21100233,948076.9
21100234,604367.4
21100235,1256971.4
21100236,2929052.5
21100237,566391.0
21100238,376027.06
21100239,1373081.1
21100240,632427.2
21100241,1655925.4
21100242,840940.7
21100243,961647.5
21100244,1010501.6
21100245,4655527.0
21100246,376088.72
21100247,1915720.5
21100248,1501778.0
21100249,174039.4
21100250,1372427.1
21100251,449612.75
21100252,565249.0
21100253,1036464.44
21100254,486403.28
21100255,1957281.0
21100256,807005.8
21100257,679554.06
21100258,1487676.2
21100259,293937.34
21100260,2105680.0
21100261,620772.75
21100262,298146.38
21100263,1285264.4
21100264,798715.3
21100265,115904.805
21100266,760809.3
21100267,402566.03
21100268,407933.7
21100269,1499299.0
21100270,1036875.75
21100271,478162.4
21100272,734647.44
21100273,705454.94
21100274,733044.25
21100275,1974836.5
21100276,303936.44
21100277,390008.7
21100278,1531867.5
21100279,451875.25
21100280,828932.8
21100281,1606260.2
21100282,1559907.2
21100283,810770.94
21100284,1554383.2
21100285,1105261.8
21100286,541022.5
21100287,669501.94
21100288,515921.97
21100289,374496.44
21100290,152124.6
21100291,690571.6
21100292,825342.06
21100293,2021783.2
21100294,1854160.0
21100295,675846.56
21100296,1033841.7
21100297,591469.1
21100298,387857.47
21100299,1957271.5
21100300,310615.03
21100301,703688.94
21100302,1696395.5
21100303,208316.08
21100304,1756800.8
21100305,1333970.2
21100306,1998366.2
21100307,109795.09
21100308,839501.5
21100309,720996.3
21100310,953775.2
21100311,688145.94
21100312,828483.4
21100313,564615.06
21100314,856110.56
21100315,618699.06
21100316,915153.6
21100317,752384.7
21100318,926909.94
21100319,1558759.6
21100320,1567924.2
21100321,1105396.1
21100322,3897183.8
21100323,862769.7
21100324,1020381.2
21100325,904096.06
21100326,1530728.9
21100327,233772.34
21100328,692515.56
21100329,621571.3
21100330,682807.5
21100331,1046200.1
21100332,341842.9
21100333,1068527.0
21100334,1097108.5
21100335,2798209.0
21100336,1654748.9
21100337,542226.44
21100338,1381773.8
21100339,728000.1
21100340,1182517.6
21100341,1679716.9
21100342,760003.44
21100343,1006007.75
21100344,915480.8
21100345,129189.266
21100346,3159107.8
21100347,353541.75
21100348,1775870.0
21100349,679554.06
21100350,1777544.1
21100351,457322.7
21100352,399320.75
21100353,833885.8
21100354,1595560.6
21100355,794815.44
21100356,881251.25
21100357,604597.6
21100358,1775570.9
21100359,326269.47
21100360,825548.06
21100361,199243.7
21100362,980768.44
21100363,2573189.8
21100364,138892.16
21100365,830791.4
21100366,1287820.6
21100367,982012.3
21100368,973024.1
21100369,353519.38
21100370,1321325.5
21100371,480277.53
21100372,2107461.2
21100373,2031460.1
21100374,564079.5
21100375,736714.7
21100376,503165.53
21100377,1682883.5
21100378,1203550.9
21100379,971070.56
21100380,186868.89
21100381,1451304.6
21100382,173935.25
21100383,932913.56
21100384,645391.9
21100385,446791.22
21100386,1327262.6
21100387,1453250.2
21100388,1433512.4
21100389,515005.06
21100390,1489140.1
21100391,797297.0
21100392,1099467.5
21100393,172674.31
21100394,719448.06
21100395,751728.25
21100396,1096668.6
21100397,965487.0
21100398,1090443.6
21100399,935465.56
21100400,571643.6
21100401,1951748.1
21100402,1243528.5
21100403,222503.88
21100404,1122207.0
21100405,552128.8
21100406,809590.4
21100407,1350846.5
21100408,2087934.2
21100409,525530.75
21100410,266871.1
21100411,2031849.5
21100412,1265390.5
21100413,2084065.4
21100414,648721.2
21100415,1793302.0
21100416,1427221.9
21100417,1369979.9
21100418,1365297.2
21100419,982423.6
21100420,2092990.5
21100421,488232.4
21100422,210366.33
21100423,1094980.1
21100424,625060.94
21100425,236159.12
21100426,615366.06
21100427,680715.56
21100428,906097.6
21100429,517903.4
21100430,771604.0
21100431,1349669.0
21100432,427557.44
21100433,1031576.2
21100434,2299844.8
21100435,1372846.4
21100436,657837.1
21100437,934041.0
21100438,151429.06
21100439,2244259.5
21100440,4174511.8
21100441,73798.65
21100442,1377226.6
21100443,1425566.9
21100444,371034.38
21100445,484860.12
21100446,2522896.0
21100447,49731.18
21100448,628777.7
21100449,547153.3
21100450,168308.14
21100451,947293.25
21100452,1472467.1
21100453,187438.64
21100454,235816.23
21100455,1783158.5
21100456,170311.4
21100457,601722.2
21100458,1024885.8
21100459,680304.25
21100460,1565503.0
21100461,723703.3
21100462,446728.3
21100463,1086420.6
21100464,971466.3
21100465,2270373.8
21100466,114737.23
21100467,850392.9
21100468,201916.77
21100469,2030548.9
21100470,2591709.2
21100471,2754833.0
21100472,2589980.5
21100473,69486.94
21100474,1800615.6
21100475,703957.94
21100476,2030519.8
21100477,1000610.75
21100478,369453.56
21100479,1537381.1
21100480,1702809.8
21100481,263822.12
21100482,984496.6
21100483,2464557.8
21100484,1532515.0
21100485,291123.6
21100486,984777.9
21100487,785528.75
21100488,352279.3
21100489,1873791.5
21100490,448024.97
21100491,935911.75
21100492,2037528.5
21100493,937847.8
21100494,3052027.0
21100495,1586914.8
21100496,1875724.1
21100497,681804.9
21100498,244829.8
21100499,505268.5
21100500,2312056.8
21100501,441299.97
21100502,1803822.9
21100503,511001.72
21100504,147275.83
21100505,537764.75
21100506,783970.44
21100507,518179.6
21100508,1980796.6
21100509,664857.5
21100510,1185134.9
21100511,949339.7
21100512,1976544.6
21100513,540868.9
21100514,357164.88
21100515,142352.02
21100516,920929.2
21100517,1206271.2
21100518,2969279.8
21100519,533895.0
21100520,736306.9
21100521,4183612.0
21100522,1307155.2
21100523,1059801.8
21100524,644688.2
21100525,106695.66
21100526,706827.25
21100527,376471.97
21100528,678376.25
21100529,944236.44
21100530,872064.0
21100531,254818.81
21100532,946343.9
21100533,237830.69
21100534,235816.23
21100535,622303.0
21100536,1542836.0
21100537,441551.3
21100538,630834.5
21100539,377944.2
21100540,896010.5
21100541,680304.25
21100542,1690416.5
21100543,889953.6
21100544,406829.2
21100545,289375.78
21100546,3037665.5
21100547,847444.7
21100548,1028799.7
21100549,237346.92
21100550,817356.0
21100551,666333.4
21100552,947865.6
21100553,1550802.6
21100554,1919399.2
21100555,264267.8
21100556,423481.25
21100557,1682327.8
21100558,526999.8
21100559,373466.06
21100560,1202770.9
21100561,291998.78
21100562,1368679.5
21100563,360735.97
21100564,259995.02
21100565,428403.3
21100566,907274.0
21100567,1770806.2
21100568,322351.16
21100569,1778089.2
21100570,218352.42
21100571,572238.2
21100572,1898305.5
21100573,1234481.0
21100574,1724239.6
21100575,1368229.2
21100576,127276.09
21100577,311341.94
21100578,1980485.2
21100579,520094.03
21100580,2877476.2
21100581,560592.0
21100582,450553.22
21100583,1132175.4
21100584,680304.25
21100585,122098.98
21100586,187344.48
21100587,308558.5
21100588,1023970.5
21100589,897171.75
21100590,1533698.2
21100591,425450.0
21100592,217161.14
21100593,1709761.6
21100594,1089322.2
21100595,1181694.0
21100596,1286712.1
21100597,2141030.5
21100598,686521.3
21100599,783784.56
21100600,839904.5
21100601,1332243.6
21100602,1270307.2
21100603,424471.34
21100604,133316.81
21100605,369446.75
21100606,2599858.2
21100607,698356.06
21100608,1085418.4
21100609,1535378.2
21100610,895037.44
21100611,1711642.2
21100612,1166186.0
21100613,1016631.75
21100614,3184274.0
21100615,1149962.1
21100616,872064.0
21100617,911880.9
21100618,1585697.5
21100619,601716.8
21100620,610569.8
21100621,1565894.4
21100622,1601093.2
21100623,1282918.5
21100624,663001.94
21100625,1450148.5
21100626,1392319.8
21100627,2565038.0
21100628,717286.7
21100629,764421.7
21100630,157204.44
21100631,744815.25
21100632,680881.56
21100633,809172.44
21100634,725160.44
21100635,936121.8
21100636,214695.17
21100637,2122988.2
21100638,2058165.6
21100639,4728238.0
21100640,1484727.9
21100641,55877.977
21100642,652440.75
21100643,450229.75
21100644,687937.6
21100645,1153813.6
21100646,1227624.2
21100647,406974.78
21100648,901875.9
21100649,272681.6
21100650,2136862.0
21100651,643603.94
21100652,1757610.1
21100653,436304.4
21100654,888530.9
21100655,304725.38
21100656,168920.61
21100657,897937.3
21100658,1394695.0
21100659,1991695.8
21100660,1218700.8
21100661,2636179.0
21100662,1918668.6
21100663,936769.9
21100664,1995079.0
21100665,349911.62
21100666,1533195.5
21100667,1166592.8
21100668,1974474.0
21100669,2602890.2
21100670,710001.94
21100671,52380.008
21100672,325789.47
21100673,268824.88
21100674,1151456.6
21100675,333419.56
21100676,185373.92
21100677,211909.16
21100678,1927675.0
21100679,937869.8
21100680,2082603.4
21100681,509693.4
21100682,773047.5
21100683,1077353.1
21100684,645365.06
21100685,623570.44
21100686,591262.6
21100687,1217054.5
21100688,1424936.8
21100689,929825.9
21100690,934719.3
21100691,888812.56
21100692,113138.97
21100693,697517.0
21100694,621910.5
21100695,269033.2
21100696,1296196.2
21100697,3004099.8
21100698,504150.22
21100699,2034588.2
21100700,190978.62
21100701,818717.9
21100702,970940.8
21100703,3421061.2
21100704,1840391.4
21100705,604375.2
21100706,1957300.5
21100707,1105698.4
21100708,1857371.2
21100709,1805466.4
21100710,1019993.9
21100711,1079580.1
21100712,1550587.5
21100713,2688828.5
21100714,1026591.1
21100715,5272601.5
21100716,752971.8
21100717,2955665.0
21100718,627939.44
21100719,509320.03
21100720,971443.06
21100721,2578519.2
21100722,717873.4
21100723,878988.1
21100724,1519136.8
21100725,109915.87
21100726,974606.44
21100727,940341.8
21100728,1290584.5
21100729,89522.17
21100730,1286712.1
21100731,288090.53
21100732,977822.6
21100733,149855.92
21100734,1508127.4
21100735,444538.1
21100736,175099.56
21100737,889603.2
21100738,3632546.0
21100739,156668.92
21100740,922239.94
21100741,479812.66
21100742,792602.4
21100743,2030362.6
21100744,1406016.6
21100745,2907146.5
21100746,1600496.8
21100747,201634.27
21100748,1518681.2
21100749,316158.0
21100750,506284.16
21100751,1155390.6
21100752,872843.7
21100753,2186086.5
21100754,2238849.8
21100755,680304.25
21100756,1280485.1
21100757,1201016.2
21100758,1040948.1
21100759,689825.1
21100760,428726.84
21100761,730248.4
21100762,2203785.5
21100763,358723.66
21100764,682503.0
21100765,574422.94
21100766,1819427.2
21100767,825466.9
21100768,1928495.4
21100769,744112.8
21100770,203997.44
21100771,343817.62
21100772,119219.38
21100773,1901584.6
21100774,372179.12
21100775,1154902.6
21100776,2386832.0
21100777,265539.3
21100778,1502269.5
21100779,926456.7
21100780,739209.9
21100781,1473220.1
21100782,439495.2
21100783,1114818.8
21100784,1950343.1
21100785,799988.94
21100786,1688460.6
21100787,1323868.0
21100788,2531525.5
21100789,434118.62
21100790,936592.94
21100791,652817.44
21100792,760347.7
21100793,657259.8
21100794,394275.03
21100795,1346823.5
21100796,155639.9
21100797,767699.94
21100798,324335.88
21100799,1056667.2
21100800,105416.49
21100801,817689.0
21100802,195333.2
21100803,1314519.5
21100804,1424816.8
21100805,643603.94
21100806,749464.5
21100807,495285.72
21100808,1718060.2
21100809,944727.75
21100810,1311908.0
21100811,1452912.2
21100812,1035714.25
21100813,695902.94
21100814,475591.47
21100815,1127696.4
21100816,578610.6
21100817,634528.0
21100818,1106593.5
21100819,929017.75
21100820,1673616.2
21100821,2810335.8
21100822,1198580.0
21100823,2743840.5
21100824,1819015.1
21100825,2331197.8
21100826,1001346.5
21100827,1346565.0
21100828,574422.94
21100829,1034462.3
21100830,1429124.8
21100831,744684.3
21100832,2175462.2
21100833,590373.5
21100834,362728.78
21100835,1480633.0
21100836,600850.3
21100837,803854.94
21100838,690377.56
21100839,1715009.9
21100840,211716.88
21100841,1672024.1
21100842,4354958.5
21100843,1049574.4
21100844,3779873.2
21100845,898617.8
21100846,989580.06
21100847,2765814.5
21100848,1569647.0
21100849,461346.62
21100850,326820.25
21100851,938281.1
21100852,980640.0
21100853,869725.2
21100854,939455.5
21100855,1166497.5
21100856,395163.3
21100857,1430831.1
21100858,1417851.8
21100859,381436.1
21100860,1157456.0
21100861,2244078.2
21100862,3249644.5
21100863,847155.94
21100864,401717.94
21100865,908483.3
21100866,746138.4
21100867,955188.25
21100868,311779.3
21100869,507980.47
21100870,1684647.8
21100871,2340016.8
21100872,2236830.0
21100873,498939.44
21100874,654739.25
21100875,669965.75
21100876,3575048.2
21100877,1232711.5
21100878,1287672.5
21100879,747312.3
21100880,379055.22
21100881,743202.3
21100882,251759.73
21100883,2184566.5
21100884,425761.78
21100885,863475.2
21100886,781397.7
21100887,670924.4
21100888,626437.06
21100889,582174.8
21100890,2706497.5
21100891,1200416.2
21100892,1302585.6
21100893,388890.03
21100894,1348165.2
21100895,1015885.9
21100896,864846.75
21100897,871592.25
21100898,602033.1
21100899,843688.75
21100900,1256032.4
21100901,2122200.2
21100902,655457.3
21100903,1829755.0
21100904,573044.75
21100905,845224.25
21100906,2671667.8
21100907,754986.8
21100908,436566.28
21100909,1257639.9
21100910,936326.9
21100911,2236855.2
21100912,564406.4
21100913,698882.4
21100914,1225425.4
21100915,479996.5
21100916,1387277.6
21100917,568867.1
21100918,408478.53
21100919,936042.9
21100920,1634981.6
21100921,593644.75
21100922,355249.25
21100923,970659.25
21100924,389492.72
21100925,1000692.25
21100926,913003.06
21100927,421923.12
21100928,317994.03
21100929,1133339.5
21100930,326879.5
21100931,1918559.0
21100932,932589.6
21100933,457141.94
21100934,649227.6
21100935,828355.5
21100936,1131438.6
21100937,1004108.0
21100938,645743.1
21100939,644688.2
21100940,683376.56
21100941,1356457.5
21100942,1150292.5
21100943,317646.28
21100944,2196439.8
21100945,1306324.2
21100946,578224.1
21100947,1045011.0
21100948,511586.4
21100949,423013.78
21100950,2652869.8
21100951,3706945.8
21100952,2682472.2
21100953,1080777.0
21100954,1360795.2
21100955,1304279.1
21100956,810796.44
21100957,436624.34
21100958,914632.9
21100959,985336.2
21100960,249024.06
21100961,2139696.5
21100962,497472.5
21100963,213943.77
21100964,2193871.2
21100965,344266.72
21100966,376783.56
21100967,1312170.9
21100968,2048695.8
21100969,1107163.8
21100970,123052.836
21100971,412227.47
21100972,618271.75
21100973,1605084.4
21100974,1694636.6
21100975,492304.28
21100976,239877.66
21100977,1714788.4
21100978,2939181.0
21100979,651164.56
21100980,1924221.0
21100981,2681883.8
21100982,347202.22
21100983,1899036.0
21100984,575481.4
21100985,354336.25
21100986,2053777.1
21100987,808434.6
21100988,1358648.5
21100989,1412192.9
21100990,2781531.5
21100991,335739.25
21100992,292253.56
21100993,919743.8
21100994,816532.25
21100995,1954718.9
21100996,1878335.8
21100997,2096098.8
21100998,610664.0
21100999,2094031.6
21101000,215448.72
21101001,1246069.1
21101002,365473.97
21101003,507756.03
21101004,956442.44
21101005,676257.9
21101006,2912026.0
21101007,1051637.8
21101008,116618.375
21101009,813768.4
21101010,942932.8
21101011,3100357.5
21101012,582600.7
21101013,1528003.4
21101014,333286.47
21101015,1867595.0
21101016,561049.75
21101017,2560217.5
21101018,562323.94
21101019,477473.7
21101020,1741454.0
21101021,2570714.8
21101022,227567.48
21101023,4252767.5
21101024,948035.75
21101025,1614691.1
21101026,510249.16
21101027,3613428.0
21101028,646907.0
21101029,823746.2
21101030,383600.16
21101031,796951.2
21101032,519347.53
21101033,492310.44
21101034,397094.6
21101035,1765992.9
21101036,2734310.5
21101037,2575826.5
21101038,679540.1
21101039,1268680.4
21101040,803797.2
21101041,1810353.9
21101042,1200348.8
21101043,190180.92
21101044,707238.56
21101045,762324.8
21101046,1863448.1
21101047,702099.44
21101048,853881.4
21101049,682106.3
21101050,492615.53
21101051,1059703.0
21101052,276490.72
21101053,2376424.0
21101054,2315857.8
21101055,2074999.8
21101056,592379.06
21101057,665113.44
21101058,854207.44
21101059,168475.53
21101060,1004606.7
21101061,602134.2
21101062,785069.4
21101063,446354.9
21101064,468444.7
21101065,953696.6
21101066,95879.47
21101067,1324981.4
21101068,405490.3
21101069,659812.8
21101070,1760458.5
21101071,1751071.1
21101072,1069401.0
21101073,761865.56
21101074,930866.5
21101075,564406.4
21101076,1500162.8
21101077,2854010.2
21101078,265422.62
21101079,421205.44
21101080,762409.1
21101081,1350061.0
21101082,588817.1
21101083,4119785.8
21101084,1859034.2
21101085,1324109.0
21101086,753318.9
21101087,407420.06
21101088,427846.16
21101089,4617511.0
21101090,1574465.0
21101091,660857.94
21101092,1485804.6
21101093,609343.25
21101094,907743.0
21101095,442909.3
21101096,2012904.0
21101097,97033.22
21101098,5100063.5
21101099,2596214.8
21101100,764696.56
21101101,774564.6
21101102,1941599.6
21101103,752985.06
21101104,173125.73
21101105,615296.1
21101106,1497745.4
21101107,1488291.8
21101108,307831.9
21101109,1798436.1
21101110,654466.8
21101111,713414.3
21101112,446744.78
21101113,412046.53
21101114,535315.8
21101115,974202.75
21101116,885717.94
21101117,3109478.2
21101118,1794658.0
21101119,924675.75
21101120,1372384.1
21101121,998255.5
21101122,247193.48
21101123,821063.5
21101124,290124.34
21101125,359312.62
21101126,798521.7
21101127,1797113.4
21101128,1571635.4
21101129,419705.06
21101130,1241588.9
21101131,1680033.4
21101132,1594842.1
21101133,2158866.5
21101134,332396.03
21101135,1448953.0
21101136,1904822.5
21101137,685581.3
21101138,865936.7
21101139,1261911.4
21101140,559549.8
21101141,1659825.5
21101142,1547006.0
21101143,2145823.8
21101144,370564.0
21101145,1023633.2
21101146,1825364.8
21101147,507290.16
21101148,1236204.9
21101149,1073754.1
21101150,1046274.1
21101151,666355.25
21101152,360680.53
21101153,2350418.0
21101154,328900.1
21101155,379519.7
21101156,822321.2
21101157,1347315.1
21101158,2835714.0
21101159,1303517.8
21101160,255097.5
21101161,930337.44
21101162,324455.84
21101163,408081.72
21101164,470872.7
21101165,740494.4
21101166,402242.8
21101167,1286782.0
21101168,581128.8
21101169,1807041.9
21101170,1770272.5
21101171,542850.1
21101172,442652.9
21101173,1142531.0
21101174,306773.25
21101175,129322.17
21101176,1437207.0
21101177,565627.44
21101178,2332257.2
21101179,717692.2
21101180,1935511.9
21101181,1351713.8
21101182,790389.5
21101183,1872150.2
21101184,855620.8
21101185,642487.75
21101186,2769865.2
21101187,1865449.1
21101188,487599.8
21101189,481851.44
21101190,387288.8
21101191,2226199.0
21101192,393370.47
21101193,1015255.44
21101194,1444995.2
21101195,2500435.2
21101196,1174680.0
21101197,1257958.8
21101198,3040595.8
21101199,2399856.8
21101200,1558166.9
21101201,3534638.0
21101202,166377.39
21101203,518043.47
21101204,1150292.5
21101205,1335892.4
21101206,2412838.0
21101207,1415642.1
21101208,812276.3
21101209,1347712.1
21101210,2580373.0
21101211,2897746.8
21101212,680715.56
21101213,804965.2
21101214,2044554.0
21101215,597843.94
21101216,2023221.5
21101217,1075540.5
21101218,1318469.9
21101219,2913501.0
21101220,2506444.0
21101221,2522046.0
21101222,763338.6
21101223,884907.1
21101224,992756.75
21101225,2240929.0
21101226,374705.7
21101227,1610040.9
21101228,830189.5
21101229,971466.3
21101230,4740069.0
21101231,707634.9
21101232,1179571.6
21101233,1660976.2
21101234,1257831.1
21101235,1447218.1
21101236,1777544.1
21101237,823077.9
21101238,827959.7
21101239,1480011.6
21101240,944236.44
21101241,2166915.5
21101242,2182557.0
21101243,1591018.8
21101244,187588.69
21101245,1015160.2
21101246,936037.3
21101247,513112.56
21101248,555189.06
21101249,418346.97
21101250,936029.94
21101251,478621.28
21101252,899188.56
21101253,500581.03
21101254,2028836.1
21101255,396684.7
21101256,706912.8
21101257,991075.0
21101258,781536.25
21101259,342868.97
21101260,170727.98
21101261,2794682.5
21101262,627528.1
21101263,1280689.9
21101264,640715.8
21101265,635335.2
21101266,553871.1
21101267,812279.6
21101268,269970.25
21101269,423528.5
21101270,1092795.8
21101271,1097608.4
21101272,698010.56
21101273,2222411.8
21101274,2959798.5
21101275,927186.0
21101276,278281.12
21101277,1164802.9
21101278,270918.8
21101279,1264954.6
21101280,412504.72
21101281,2451854.8
21101282,1532491.9
21101283,562641.44
21101284,394259.94
21101285,1437261.5
21101286,836373.0
21101287,1783084.2
21101288,607600.4
21101289,730192.6
21101290,212703.6
21101291,1661101.2
21101292,1037336.8
21101293,837101.3
21101294,2571584.2
21101295,931198.3
21101296,707879.1
21101297,636420.25
21101298,1262661.5
21101299,698468.94
21101300,145039.75
21101301,538903.2
21101302,359725.84
21101303,590417.9
21101304,340948.06
21101305,627490.3
21101306,889376.3
21101307,484182.84
21101308,1293762.6
21101309,3224745.2
21101310,614874.7
21101311,776470.5
21101312,751312.06
21101313,645743.1
21101314,1625241.6
21101315,1129647.5
21101316,1791196.2
21101317,1112010.8
21101318,1697693.0
21101319,46704.473
21101320,378277.47
21101321,1269377.5
21101322,667759.6
21101323,770609.75
21101324,371719.06
21101325,1501622.4
21101326,2353724.8
21101327,1064288.4
21101328,964024.4
21101329,909397.3
21101330,1806243.9
21101331,568814.06
21101332,210366.33
21101333,1113778.9
21101334,1787552.4
21101335,1484727.9
21101336,137289.02
21101337,283740.62
21101338,1119522.8
21101339,987684.0
21101340,1413722.5
21101341,810020.25
21101342,351241.62
21101343,1822439.6
21101344,563701.94
21101345,332661.03
21101346,389398.03
21101347,235082.34
21101348,168475.53
21101349,675269.25
21101350,2224972.5
21101351,2062205.1
21101352,1288163.5
21101353,2732462.8
21101354,1331917.8
21101355,3690165.8
21101356,338903.4
21101357,601212.0
21101358,868876.9
21101359,379554.06
21101360,1593651.8
21101361,613957.25
21101362,2098690.5
21101363,828513.56
21101364,245993.6
21101365,835784.3
21101366,892145.4
21101367,431134.34
21101368,275804.34
21101369,327759.2
21101370,1326692.9
21101371,168475.53
21101372,2335591.5
21101373,728051.9
21101374,440260.16
21101375,2469765.5
21101376,1358526.1
21101377,669846.75
21101378,1517683.6
21101379,2196403.5
21101380,987287.94
21101381,1094908.6
21101382,937119.6
21101383,443784.22
21101384,805860.9
21101385,2104359.5
21101386,119929.56
21101387,660672.44
21101388,213803.02
21101389,2358334.0
21101390,2230520.2
21101391,1154387.8
21101392,117231.59
21101393,1046311.4
21101394,2039188.0
21101395,829519.4
21101396,1517437.2
21101397,166785.08
21101398,200802.6
21101399,2565829.8
21101400,1806236.1
21101401,1115048.2
21101402,568610.56
21101403,391661.28
21101404,1789405.1
21101405,1431103.6
21101406,1140719.9
21101407,856611.9
21101408,699028.06
21101409,1222838.9
21101410,1473803.5
21101411,868681.8
21101412,434881.28
21101413,1813100.1
21101414,340479.53
21101415,388089.03
21101416,1722631.0
21101417,314166.84
21101418,661045.9
21101419,4268196.5
21101420,1031576.2
21101421,1607917.2
21101422,578706.44
21101423,255404.86
21101424,990686.56
21101425,250638.14
21101426,1677031.4
21101427,1178863.1
21101428,2189212.2
21101429,561759.06
21101430,903237.3
21101431,678075.06
21101432,844761.2
21101433,894831.9
21101434,804744.7
21101435,2147035.8
21101436,618649.25
21101437,4996755.0
21101438,1323876.8
21101439,223062.86
21101440,341735.97
21101441,1317032.5
21101442,779267.1
21101443,579968.8
21101444,322106.4
21101445,128952.08
21101446,1405470.5
21101447,396183.4
21101448,597050.44
21101449,380796.5
21101450,428228.3
21101451,1003694.25
21101452,696692.56
21101453,1672718.6
21101454,1937136.4
21101455,621115.5
21101456,613294.7
21101457,1281020.5
21101458,1565547.2
21101459,2037528.5
21101460,1124383.5
21101461,2710506.2
21101462,564506.25
21101463,388133.5
21101464,263223.34
21101465,371203.34
21101466,1300987.5
21101467,4423201.5
21101468,682011.4
21101469,2073251.5
21101470,2681389.2
21101471,2087799.6
21101472,408391.06
21101473,689825.1
21101474,441909.88
21101475,349351.6
21101476,564052.6
21101477,651589.7
21101478,938430.7
21101479,204737.5
21101480,2000097.9
21101481,893951.3
21101482,1390973.4
21101483,5113613.0
21101484,814080.6
21101485,335674.2
21101486,2076412.8
21101487,705842.5
21101488,4410318.0
21101489,1606671.5
21101490,1362360.5
21101491,645552.8
21101492,390996.16
21101493,7934583.5
21101494,862769.7
21101495,2290768.0
21101496,1133429.1
21101497,3296855.5
21101498,2235678.5
21101499,677529.7
21101500,623944.44
21101501,2044151.6
21101502,480134.16
21101503,1105396.9
21101504,2367277.0
21101505,136558.77
21101506,1930553.5
21101507,983341.25
21101508,3554234.0
21101509,2508566.8
21101510,593064.44
21101511,1055886.0
21101512,110921.44
21101513,575771.4
21101514,684833.6
21101515,1029723.06
21101516,689859.2
21101517,805532.75
21101518,1031130.8
21101519,1662884.8
21101520,759052.0
21101521,263853.12
21101522,1075994.1
21101523,628404.94
21101524,751731.7
21101525,234677.64
21101526,519122.0
21101527,358494.44
21101528,1841455.8
21101529,139981.66
21101530,506329.1
21101531,826068.8
21101532,528150.4
21101533,1537824.5
21101534,1709788.0
21101535,336160.56
21101536,6537749.0
21101537,1023009.6
21101538,1609719.2
21101539,252465.69
21101540,986710.6
21101541,606076.0
21101542,829062.3
21101543,1154574.8
21101544,1094056.2
21101545,1798219.4
21101546,483450.53
21101547,763989.56
21101548,689989.4
21101549,2692048.2
21101550,150670.38
21101551,1377865.5
21101552,2291385.5
21101553,357508.7
21101554,297133.53
21101555,991061.6
21101556,502311.56
21101557,1504220.5
21101558,373082.1
21101559,934069.56
21101560,2300760.0
21101561,1010580.6
21101562,678376.25
21101563,1351569.1
21101564,1840890.5
21101565,389904.3
21101566,808931.06
21101567,536641.6
21101568,770343.8
21101569,2051873.8
21101570,964774.9
21101571,847367.7
21101572,1054065.6
21101573,598671.25
21101574,2957998.8
21101575,950713.8
21101576,477761.78
21101577,691132.7
21101578,846253.8
21101579,672839.9
21101580,134941.1
21101581,56334.49
21101582,3469647.8
21101583,188024.06
21101584,662971.5
21101585,306640.5
21101586,2219983.8
21101587,652929.75
21101588,2582196.0
21101589,305784.47
21101590,784003.4
21101591,1377378.4
21101592,507368.62
21101593,1239561.6
21101594,828234.94
21101595,164818.39
21101596,534821.3
21101597,2393617.2
21101598,539560.75
21101599,388171.72
21101600,253818.47
21101601,803801.2
21101602,884997.44
21101603,725876.3
21101604,1012978.44
21101605,588311.75
21101606,679338.56
21101607,949704.7
21101608,2345496.8
21101609,1570315.0
21101610,387207.44
21101611,396039.9
21101612,1104741.9
21101613,1367479.1
21101614,477473.7
21101615,1555821.8
21101616,2380777.2
21101617,1614198.0
21101618,611471.56
21101619,341735.97
21101620,1342513.1
21101621,313403.2
21101622,1262618.5
21101623,1239211.8
21101624,306932.38
21101625,655457.3
21101626,1030370.56
21101627,1183019.9
21101628,963029.9
21101629,1884339.6
21101630,648704.9
21101631,2030060.1
21101632,430057.06
21101633,532806.0
21101634,676433.1
21101635,190294.02
21101636,950582.4
21101637,176457.47
21101638,369837.47
21101639,3262996.0
21101640,827340.25
21101641,1370039.1
21101642,734310.4
21101643,1533530.0
21101644,271496.06
21101645,2611637.0
21101646,625493.56
21101647,1488064.4
21101648,2212853.0
21101649,1798609.6
21101650,873886.5
21101651,930364.9
21101652,765345.4
21101653,738433.44
21101654,1013849.7
21101655,215843.81
21101656,862861.8
21101657,678155.0
21101658,1162801.8
21101659,206036.14
21101660,269903.3
21101661,477425.03
21101662,412046.53
21101663,1946393.9
21101664,2242947.0
21101665,2282801.5
21101666,1607891.6
21101667,866895.1
21101668,778855.7
21101669,1224056.2
21101670,1388731.8
21101671,271521.78
21101672,934674.06
21101673,1521148.6
21101674,857459.94
21101675,1653837.5
21101676,307952.7
21101677,251243.47
21101678,970659.25
21101679,1011512.0
21101680,2560839.5
21101681,1402711.0
21101682,606196.8
21101683,1694636.6
21101684,1869667.4
21101685,245159.5
21101686,515657.22
21101687,387614.25
21101688,569033.94
21101689,162371.16
21101690,355985.62
21101691,1842161.6
21101692,970238.6
21101693,642899.06
21101694,416833.3
21101695,4492065.0
21101696,809812.7
21101697,79373.95
21101698,1265140.4
21101699,744465.1
21101700,679351.75
21101701,146021.92
21101702,783533.56
21101703,921221.3
21101704,2984916.8
21101705,246205.95
21101706,3486357.0
21101707,702561.3
21101708,2334949.2
21101709,514909.84
21101710,941506.2
21101711,820124.4
21101712,679965.4
21101713,1961108.1
21101714,340784.75
21101715,163439.3
21101716,267550.16
21101717,878327.75
21101718,525890.0
21101719,1391905.1
21101720,619676.25
21101721,297948.3
21101722,1974356.0
21101723,562323.94
21101724,1858026.5
21101725,390343.84
21101726,826786.3
21101727,747045.1
21101728,365603.66
21101729,1682295.8
21101730,563656.3
21101731,979143.44
21101732,1167558.8
21101733,1537343.0
21101734,1699963.6
21101735,380733.3
21101736,731044.44
21101737,1778199.0
21101738,2159956.5
21101739,669968.56
21101740,871793.2
21101741,1404513.9
21101742,1167170.0
21101743,851414.6
21101744,1257175.8
21101745,3099748.2
21101746,1090292.6
21101747,817066.25
21101748,806684.2
21101749,207683.1
21101750,224427.61
21101751,929670.7
21101752,1369229.8
21101753,149933.52
21101754,1616227.2
21101755,633678.7
21101756,2000242.6
21101757,202199.3
21101758,253929.11
21101759,1265556.0
21101760,803591.7
21101761,1467559.0
21101762,332161.7
21101763,843268.7
21101764,857311.7
21101765,586676.7
21101766,2242313.2
21101767,1298056.4
21101768,936976.44
21101769,669501.94
21101770,355034.56
21101771,803335.8
21101772,2702089.8
21101773,783584.75
21101774,2560089.2
21101775,347336.34
21101776,505828.44
21101777,185905.55
21101778,1821546.5
21101779,1239420.0
21101780,676385.44
21101781,499782.7
21101782,613453.5
21101783,405871.53
21101784,284781.53
21101785,2136628.0
21101786,248354.88
21101787,938858.44
21101788,377326.1
21101789,1749215.8
21101790,652174.4
21101791,891520.0
21101792,1767362.8
21101793,513558.66
21101794,798378.94
21101795,3604737.5
21101796,1628024.9
21101797,1024181.0
21101798,271355.7
21101799,2092237.8
21101800,597337.9
21101801,1219006.8
21101802,723681.94
21101803,870427.94
21101804,1284987.6
21101805,1019580.44
21101806,1212356.0
21101807,1844080.1
21101808,1508083.0
21101809,1058813.8
21101810,59391.477
21101811,479493.0
21101812,110493.15
21101813,160585.95
21101814,246303.56
21101815,624964.94
21101816,628044.5
21101817,1242368.6
21101818,613888.6
21101819,712377.7
21101820,847536.44
21101821,2037528.5
21101822,1435611.9
21101823,2370618.5
21101824,2589589.2
21101825,1682403.0
21101826,1709981.5
21101827,1843682.8
21101828,1122101.6
21101829,1255038.4
21101830,2978332.5
21101831,408713.22
21101832,511214.38
21101833,876336.7
21101834,2040266.4
21101835,1367134.5
21101836,496445.03
21101837,1715315.1
21101838,750000.6
21101839,305829.78
21101840,561772.9
21101841,783425.0
21101842,443265.12
21101843,663493.9
21101844,652470.94
21101845,418293.75
21101846,547290.0
21101847,422111.94
21101848,1534115.8
21101849,375008.4
21101850,991245.1
21101851,620653.25
21101852,1281253.1
21101853,742094.6
21101854,834669.9
21101855,593485.3
21101856,1192733.4
21101857,450039.0
21101858,308561.94
21101859,1197792.4
21101860,411528.5
21101861,2588813.8
21101862,1361875.8
21101863,354543.2
21101864,376961.4
21101865,1162219.6
21101866,400023.12
21101867,414234.34
21101868,303200.12
21101869,3279803.5
21101870,1552173.1
21101871,388109.47
21101872,910437.0
21101873,1947548.2
21101874,623371.3
21101875,645238.75
21101876,989239.5
21101877,1568492.5
21101878,185528.25
21101879,1067843.2
21101880,289024.44
21101881,407229.72
21101882,669501.94
21101883,1098784.2
21101884,1766512.1
21101885,406399.7
21101886,1276705.2
21101887,862447.9
21101888,339580.78
21101889,2322009.2
21101890,1314399.2
21101891,135957.28
21101892,426378.44
21101893,347791.62
21101894,1055153.8
21101895,1259754.9
21101896,325343.72
21101897,468561.38
21101898,145511.48
21101899,619173.1
21101900,1722496.0
21101901,3279206.2
21101902,565015.56
21101903,597243.4
21101904,384108.2
21101905,419334.12
21101906,2778353.2
21101907,595208.06
21101908,671728.06
21101909,1132175.4
21101910,680304.25
21101911,1379822.8
21101912,1429874.9
21101913,924687.3
21101914,409215.44
21101915,1132993.8
21101916,2271034.8
21101917,854146.0
21101918,944989.0
21101919,507917.2
21101920,368354.22
21101921,879490.2
21101922,189902.8
21101923,1310789.2
21101924,1653453.9
21101925,1405471.4
21101926,235362.1
21101927,875463.75
21101928,370316.38
21101929,1138428.4
21101930,2565257.5
21101931,2180810.2
21101932,678376.25
21101933,1207589.8
21101934,2590645.0
21101935,1251468.9
21101936,3185805.5
21101937,601507.9
21101938,2047896.9
21101939,2300013.0
21101940,299934.28
21101941,367834.9
21101942,2094525.4
21101943,2114757.8
21101944,547598.44
21101945,1678667.5
21101946,3023096.8
21101947,600142.3
21101948,165252.83
21101949,1084219.1
21101950,2158402.8
21101951,936441.25
21101952,190712.28
21101953,402574.34
21101954,609162.6
21101955,673374.2
21101956,492080.94
21101957,1115185.1
21101958,3041546.8
21101959,2026592.0
21101960,392302.75
21101961,1262138.5
21101962,247460.19
21101963,1244770.6
21101964,186861.7
21101965,1162580.9
21101966,862348.8
21101967,1120929.8
21101968,1087037.1
21101969,75703.49
21101970,331555.16
21101971,210975.56
21101972,368834.1
21101973,790752.25
21101974,168511.53
21101975,167445.7
21101976,186470.19
21101977,1450005.1
21101978,2232803.0
21101979,2037797.9
21101980,366980.78
21101981,535149.2
21101982,628105.44
21101983,1121205.8
21101984,868364.7
21101985,597709.8
21101986,246996.53
21101987,190978.62
21101988,675635.25
21101989,423555.62
21101990,1212793.4
21101991,1133449.2
21101992,1470926.1
21101993,878019.06
21101994,1385795.9
21101995,83194.766
21101996,401804.0
21101997,1298686.2
21101998,735349.56
21101999,1497469.5
21102000,388890.03
21102001,900092.06
21102002,892140.8
21102003,133476.95
21102004,307094.22
21102005,509509.9
21102006,127951.53
21102007,1516881.2
21102008,2408047.2
21102009,2614749.5
21102010,1290115.0
21102011,175377.86
21102012,669435.44
21102013,716665.4
21102014,451111.88
21102015,852685.06
21102016,2021441.8
21102017,971466.3
21102018,580960.4
21102019,789805.75
21102020,401880.8
21102021,316592.34
21102022,156157.3
21102023,2044238.4
21102024,1791739.0
21102025,1381696.0
21102026,1095485.9
21102027,1483027.1
21102028,1591630.2
21102029,1329356.5
21102030,773440.2
21102031,1165085.8
21102032,487587.0
21102033,632596.94
21102034,292275.84
21102035,950366.2
21102036,852252.4
21102037,958821.75
21102038,1097858.2
21102039,442918.03
21102040,322811.72
21102041,124980.78
21102042,1967447.9
21102043,1177280.0
21102044,3944461.0
21102045,1757368.1
21102046,1406418.0
21102047,756421.7
21102048,1448169.9
21102049,1124534.1
21102050,2040253.5
21102051,115301.266
21102052,1729917.0
21102053,1439140.5
21102054,956057.0
21102055,343479.16
21102056,960933.0
21102057,1183267.8
21102058,1166692.1
21102059,156059.81
21102060,314296.12
21102061,775179.0
21102062,1113219.9
21102063,331203.9
21102064,928355.56
21102065,412227.47
21102066,1873625.6
21102067,1579211.8
21102068,2393038.0
21102069,2139365.0
21102070,3216364.2
21102071,483355.94
21102072,358722.8
21102073,1262661.5
21102074,774865.7
21102075,1671413.9
21102076,807998.7
21102077,572272.3
21102078,425313.47
21102079,169311.78
21102080,394323.12
21102081,1203050.6
21102082,506329.1
21102083,2085452.4
21102084,594741.44
21102085,765336.9
21102086,969268.4
21102087,632379.0
21102088,934134.94
21102089,961243.5
21102090,215448.72
21102091,156875.4
21102092,930147.25
21102093,1410888.6
21102094,1350594.0
21102095,1695213.9
21102096,1004375.4
21102097,672222.06
21102098,903812.44
21102099,776045.2
21102100,691905.25
21102101,808003.0
21102102,2956338.0
21102103,683953.7
21102104,532210.0
21102105,1537824.5
21102106,320262.72
21102107,1788978.4
21102108,200802.6
21102109,1369223.4
21102110,321757.53
21102111,179932.12
21102112,528733.44
21102113,921440.7
21102114,1887871.0
21102115,1402883.6
21102116,1689609.6
21102117,2480128.2
21102118,2214717.8
21102119,2264152.8
21102120,2376131.8
21102121,1605006.8
21102122,1454284.5
21102123,868950.25
21102124,1164861.8
21102125,346649.62
21102126,2483123.2
21102127,547333.0
21102128,3068783.2
21102129,49802.023
21102130,148772.98
21102131,1687182.9
21102132,649374.94
21102133,569307.94
21102134,1288849.1
21102135,1546638.2
21102136,152124.6
21102137,1047388.7
21102138,688969.94
21102139,414965.75
21102140,337648.62
21102141,513897.28
21102142,628613.4
21102143,2714788.8
21102144,480457.16
21102145,1440886.9
21102146,418588.97
21102147,1430918.1
21102148,506328.28
21102149,446081.7
21102150,360243.94
21102151,2509986.8
21102152,662435.7
21102153,910591.2
21102154,1359507.8
21102155,414222.06
21102156,1780819.5
21102157,765886.9
21102158,1043112.56
21102159,1273419.4
21102160,901451.56
21102161,665234.44
21102162,1316084.1
21102163,817103.5
21102164,1200232.4
21102165,769832.5
21102166,1447071.6
21102167,2590502.2
21102168,1695626.9
21102169,1693886.5
21102170,981849.4
21102171,995096.2
21102172,143354.02
21102173,695902.94
21102174,587487.7
21102175,470373.25
21102176,2563339.8
21102177,812894.8
21102178,721191.5
21102179,634583.56
21102180,511054.94
21102181,2754733.8
21102182,398087.88
21102183,1639591.2
21102184,605487.94
21102185,1914356.6
21102186,1149322.9
21102187,1561547.5
21102188,1064456.9
21102189,137087.06
21102190,1232626.2
21102191,734467.25
21102192,621832.7
21102193,429884.47
21102194,375914.1
21102195,1031256.75
21102196,1186927.1
21102197,1273011.9
21102198,2174198.5
21102199,1127392.1
21102200,1838486.1
21102201,1053222.6
21102202,1829748.4
21102203,127276.09
21102204,1178540.2
21102205,931521.56
21102206,545037.56
21102207,477769.44
21102208,1850349.9
21102209,340221.75
21102210,792314.6
21102211,2293422.8
21102212,1616665.8
21102213,2334010.5
21102214,1260799.8
21102215,1077401.5
21102216,1173873.4
21102217,974679.9
21102218,874721.0
21102219,787599.25
21102220,660316.8
21102221,109795.09
21102222,131379.17
21102223,967677.0
21102224,1847073.5
21102225,400318.22
21102226,763016.4
21102227,224076.55
21102228,2714961.2
21102229,265607.72
21102230,2202559.8
21102231,2308135.8
21102232,866681.75
21102233,2292867.8
21102234,380011.06
21102235,957627.4
21102236,1860991.9
21102237,964413.94
21102238,1372955.0
21102239,1906037.4
21102240,1853901.8
21102241,3942210.2
21102242,2604891.8
21102243,827327.06
21102244,262299.47
21102245,1836467.4
21102246,683243.3
21102247,838811.94
21102248,4512820.0
21102249,1695626.9
21102250,2664380.8
21102251,771284.44
21102252,1094048.2
21102253,1528672.0
21102254,1015104.0
21102255,1396011.6
21102256,3114909.5
21102257,2326855.8
21102258,300814.62
21102259,1170614.6
21102260,1002827.3
21102261,1997216.1
21102262,1603679.4
21102263,1376388.0
21102264,963762.6
21102265,877756.0
21102266,947293.25
21102267,616076.0
21102268,412046.53
21102269,317541.72
21102270,692864.4
21102271,268504.34
21102272,1846792.5
21102273,674519.06
21102274,973418.0
21102275,1439021.9
21102276,271851.25
21102277,2220397.5
21102278,216184.78
21102279,628197.44
21102280,1103821.5
21102281,1769769.8
21102282,2655656.2
21102283,657134.1
21102284,1987686.5
21102285,383373.25
21102286,821106.0
21102287,608101.5
21102288,1552819.9
21102289,2438333.8
21102290,650455.4
21102291,675682.94
21102292,962648.94
21102293,276129.66
21102294,412227.47
21102295,668852.4
21102296,937399.5
21102297,1695626.9
21102298,569801.44
21102299,276436.56
21102300,529745.44
21102301,1645646.2
21102302,799970.4
21102303,418420.75
21102304,1157451.4
21102305,1963127.1
21102306,374584.9
21102307,360681.5
21102308,506941.97
21102309,470450.5
21102310,1392215.2
21102311,673225.5
21102312,193974.14
21102313,455884.94
21102314,607198.25
21102315,1387530.4
21102316,1311348.8
21102317,2384408.5
21102318,2337588.8
21102319,943825.1
21102320,63503.17
21102321,193573.52
21102322,392264.78
21102323,1099098.2
21102324,115301.266
21102325,859588.4
21102326,675680.56
21102327,355985.62
21102328,837230.06
21102329,2339505.2
21102330,538782.3
21102331,2572951.8
21102332,1159207.1
21102333,935465.56
21102334,1128885.4
21102335,932292.4
21102336,1042720.4
21102337,1476042.9
21102338,1286562.5
21102339,937869.8
21102340,364116.7
21102341,1129296.6
21102342,483937.88
21102343,2045099.9
21102344,590419.1
21102345,1108370.9
21102346,168475.53
21102347,927936.9
21102348,1225315.1
21102349,1286562.5
21102350,136558.77
21102351,2531979.2
21102352,219924.36
21102353,2260314.5
21102354,117662.2
21102355,1274030.4
21102356,617263.6
21102357,1270385.4
21102358,429319.94
21102359,676227.6
21102360,207466.17
21102361,2686240.2
21102362,2372866.0
21102363,975146.25
21102364,623476.2
21102365,836393.8
21102366,937869.8
21102367,1688362.2
21102368,937869.8
21102369,1346564.1
21102370,1632916.6
21102371,847252.5
21102372,1116847.1
21102373,675269.25
21102374,617569.4
21102375,1119442.0
21102376,680881.56
21102377,645627.6
21102378,119833.06
21102379,1924851.2
21102380,633044.6
21102381,534920.94
21102382,542531.7
21102383,291033.5
21102384,1778199.0
21102385,487737.06
21102386,590282.6
21102387,235090.47
21102388,2198046.5
21102389,1105474.5
21102390,1145013.0
21102391,126494.53
21102392,398907.94
21102393,2539059.8
21102394,1583852.9
21102395,252763.61
21102396,812575.4
21102397,1161583.9
21102398,1606260.2
21102399,1390166.6
21102400,1619343.1
21102401,1032999.2
21102402,716651.5
21102403,200812.61
21102404,958067.0
21102405,1196966.4
21102406,180489.58
21102407,1267909.2
21102408,639818.8
21102409,2551395.8
21102410,1167558.8
21102411,873783.4
21102412,513960.0
21102413,635335.2
21102414,499075.75
21102415,428488.88
21102416,528325.1
21102417,595208.06
21102418,1073475.1
21102419,717283.44
21102420,1035492.44
21102421,442800.88
21102422,356618.34
21102423,1967482.4
21102424,1253971.1
21102425,465863.28
21102426,1694636.6
21102427,2334280.5
21102428,3580853.8
21102429,1527189.0
21102430,1302564.1
21102431,341613.4
21102432,949919.1
21102433,314186.12
21102434,942072.7
21102435,439725.0
21102436,567424.5
21102437,280232.3
21102438,641721.9
21102439,2308376.0
21102440,1063596.1
21102441,819146.3
21102442,1178863.1
21102443,702628.6
21102444,687586.0
21102445,1277249.0
21102446,604035.2
21102447,1907354.1
21102448,323013.88
21102449,1007656.6
21102450,698689.2
21102451,201800.27
21102452,1545831.6
21102453,1970352.6
21102454,1881645.9
21102455,971466.3
21102456,2574762.5
21102457,1011258.5
21102458,243650.55
21102459,876926.25
21102460,1642606.2
21102461,906424.2
21102462,936865.94
21102463,735457.2
21102464,86168.28
21102465,412046.53
21102466,446200.25
21102467,389708.7
21102468,364122.94
21102469,612169.25
21102470,123191.875
21102471,2232100.8
21102472,437969.22
21102473,1567803.0
21102474,240137.39
21102475,668852.4
21102476,2708164.5
21102477,540683.9
21102478,946193.44
21102479,1146305.9
21102480,1432011.4
21102481,409530.56
21102482,437396.25
21102483,2202427.0
21102484,1447705.4
21102485,499929.25
21102486,1856122.5
21102487,3183745.5
21102488,1080202.9
21102489,595614.1
21102490,791541.06
21102491,406317.28
21102492,156668.92
21102493,670535.94
21102494,5109174.5
21102495,744722.75
21102496,840245.94
21102497,713326.0
21102498,937869.8
21102499,931718.9
21102500,828769.2
21102501,187043.33
21102502,191113.66
21102503,790289.06
21102504,1120469.9
21102505,799318.1
21102506,2119746.2
21102507,2218007.8
21102508,1259832.1
21102509,404003.7
21102510,905199.06
21102511,796659.06
21102512,942137.75
21102513,937869.8
21102514,1798206.5
21102515,2938430.8
21102516,2050941.9
21102517,247422.94
21102518,902968.2
21102519,2114457.5
21102520,1700713.8
21102521,1133339.5
21102522,188826.66
21102523,369910.66
21102524,1534193.4
21102525,1694636.6
21102526,980901.56
21102527,531293.56
21102528,728120.94
21102529,1702391.8
21102530,473778.03
21102531,1606260.2
21102532,951062.94
21102533,441977.44
21102534,926409.8
21102535,847516.6
21102536,178004.89
21102537,1112469.8
21102538,1138451.6
21102539,394700.44
21102540,1608095.9
21102541,921798.6
21102542,331908.4
21102543,597050.44
21102544,1853451.6
21102545,1524696.0
21102546,908490.75
21102547,494308.75
21102548,475252.28
21102549,1419344.4
21102550,805354.06
21102551,414040.9
21102552,2244301.5
21102553,1007869.2
21102554,1041537.4
21102555,648111.44
21102556,740606.1
21102557,264779.16
21102558,1753914.2
21102559,357481.6
21102560,1538147.4
21102561,434675.06
21102562,271333.78
21102563,1445961.1
21102564,1693886.5
21102565,1424186.6
21102566,814905.06
21102567,740023.5
21102568,633053.2
21102569,773309.8
21102570,1036385.8
21102571,1446099.6
21102572,2299844.8
21102573,1603419.5
21102574,296057.34
21102575,1411099.2
21102576,410717.06
21102577,694961.56
21102578,384699.03
21102579,557405.0
21102580,75272.77
21102581,250254.19
21102582,388984.5
21102583,665019.5
21102584,121309.984
21102585,1086838.4
21102586,514555.72
21102587,977771.9
21102588,1505410.5
21102589,1129462.6
21102590,1051472.9
21102591,703568.5
21102592,1069222.0
21102593,670379.9
21102594,1401195.8
21102595,1190067.5
21102596,1005147.25
21102597,849750.56
21102598,638070.3
21102599,686746.06
21102600,258118.45
21102601,298501.62
21102602,918079.06
21102603,834353.56
21102604,1369979.9
21102605,943825.1
21102606,1011461.44
21102607,623159.8
21102608,1363969.9
21102609,1299403.6
21102610,977744.8
21102611,827884.44
21102612,941745.5
21102613,540052.1
21102614,2202428.8
21102615,1988609.4
21102616,2454247.5
21102617,1020965.4
21102618,590220.7
21102619,77445.945
21102620,456631.94
21102621,2137234.0
21102622,834804.1
21102623,1836138.1
21102624,432582.72
21102625,962633.7
21102626,983429.3
21102627,610578.9
21102628,4265166.5
21102629,1930602.9
21102630,675269.25
21102631,748105.8
21102632,409631.03
21102633,1636177.4
21102634,1082862.5
21102635,163227.17
21102636,2609989.0
21102637,731808.25
21102638,2282848.5
21102639,1933277.8
21102640,406974.78
21102641,1300987.5
21102642,150961.36
21102643,263014.28
21102644,2035801.2
21102645,1270001.8
21102646,2581265.8
21102647,839346.06
21102648,702203.06
21102649,534845.4
21102650,528079.1
21102651,310528.7
21102652,1278667.6
21102653,1886532.2
21102654,3434692.5
21102655,2104163.2
21102656,784241.4
21102657,486202.84
21102658,266974.94
21102659,2766564.8
21102660,227821.92
21102661,114764.79
21102662,2653126.2
21102663,959104.9
21102664,919700.0
21102665,1538373.5
21102666,723052.7
21102667,1014722.0
21102668,865841.1
21102669,152948.19
21102670,1090155.0
21102671,1039354.06
21102672,1522669.8
21102673,727138.75
21102674,1524926.8
21102675,2657295.0
21102676,2379380.5
21102677,231771.78
21102678,271478.75
21102679,947446.3
21102680,1832170.2
21102681,149855.92
21102682,433643.56
21102683,464453.53
21102684,415514.94
21102685,1410876.9
21102686,2111300.5
21102687,1560797.4
21102688,2438653.0
21102689,1351569.1
21102690,534920.94
21102691,294765.2
21102692,1167558.8
21102693,1067850.2
21102694,1899036.0
21102695,366457.78
21102696,829033.2
21102697,932757.56
21102698,1859819.0
21102699,1401226.2
21102700,680756.06
21102701,968014.56
21102702,1707185.4
21102703,644494.0
21102704,210490.23
21102705,886583.3
21102706,581148.3
21102707,1540774.4
21102708,451457.6
21102709,2275191.8
21102710,1686454.1
21102711,586633.7
21102712,1953312.9
21102713,1842554.9
21102714,839947.4
21102715,326171.6
21102716,120444.23
21102717,2001784.0
21102718,563786.3
21102719,518401.3
21102720,1259091.0
21102721,840534.3
21102722,1836183.5
21102723,646932.25
21102724,94535.72
21102725,663752.1
21102726,1205414.0
21102727,306660.6
21102728,357578.1
21102729,537145.2
21102730,1427364.6
21102731,661061.2
21102732,514975.3
21102733,3284140.8
21102734,190978.62
21102735,1454603.5
21102736,2136210.0
21102737,1231367.0
21102738,806255.25
21102739,175171.64
21102740,149844.1
21102741,4838570.5
21102742,1276850.5
21102743,1445703.4
21102744,615684.5
21102745,1662410.4
21102746,999150.25
21102747,135371.06
21102748,1128567.5
21102749,1653019.9
21102750,70035.18
21102751,278400.2
21102752,363891.88
21102753,251723.69
21102754,933555.44
21102755,804393.25
21102756,161609.9
21102757,479311.75
21102758,1399466.5
21102759,378715.94
21102760,587642.56
21102761,855240.1
21102762,1081496.2
21102763,408794.5
21102764,440583.47
21102765,2220199.5
21102766,326914.53
21102767,645099.5
21102768,991448.1
21102769,1168904.4
21102770,1269416.4
21102771,439238.1
21102772,982423.6
21102773,1045900.56
21102774,505449.8
21102775,136522.69
21102776,2983138.2
21102777,256703.34
21102778,1624757.8
21102779,1578011.1
21102780,658621.06
21102781,2573105.5
21102782,2206560.5
21102783,699028.06
21102784,994264.7
21102785,103459.1
21102786,720354.3
21102787,702295.94
21102788,381178.8
21102789,2989043.5
21102790,4961960.5
21102791,948266.94
21102792,680304.25
21102793,1124966.5
21102794,1861594.4
21102795,188795.38
21102796,765139.8
21102797,196316.34
21102798,715737.1
21102799,1430340.9
21102800,1182051.5
21102801,2707670.5
21102802,1086436.6
21102803,689105.1
21102804,210366.33
21102805,438327.44
21102806,1249829.8
21102807,544204.1
21102808,660678.8
21102809,943825.1
21102810,1121808.1
21102811,935806.06
21102812,231261.02
21102813,1028327.2
21102814,1655973.9
21102815,1737458.1
21102816,1038860.1
21102817,978544.2
21102818,387814.34
21102819,1662953.0
21102820,1451846.8
21102821,319651.53
21102822,831800.2
21102823,1254404.9
21102824,61158.45
21102825,525276.4
21102826,316455.56
21102827,151279.17
21102828,670924.4
21102829,572446.9
21102830,1656048.5
21102831,910721.4
21102832,391009.16
21102833,545997.8
21102834,680459.25
21102835,1132245.9
21102836,2193976.8
21102837,1414948.6
21102838,682907.4
21102839,678828.75
21102840,84622.84
21102841,844425.7
21102842,113281.59
21102843,562287.6
21102844,1703261.8
21102845,2385712.8
21102846,2831790.8
21102847,1465382.5
21102848,658025.75
21102849,625613.3
21102850,709631.94
21102851,131782.39
21102852,1999093.0
21102853,591667.9
21102854,2606921.8
21102855,931656.44
21102856,1943760.4
21102857,2567849.8
21102858,354228.84
21102859,1462783.8
21102860,136437.02
21102861,1382252.4
21102862,3201471.2
21102863,2887685.0
21102864,626136.4
21102865,972528.4
21102866,1352238.5
21102867,457646.22
21102868,688450.3
21102869,617496.4
21102870,1596195.8
21102871,465287.16
21102872,690426.44
21102873,257669.16
21102874,478283.53
21102875,1002565.94
21102876,307925.5
21102877,373129.66
21102878,1082309.1
21102879,706827.25
21102880,460449.22
21102881,1435257.8
21102882,725671.6
21102883,205171.89
21102884,2072369.2
21102885,1756544.5
21102886,2070768.0
21102887,481486.38
21102888,870359.0
21102889,313433.88
21102890,2466114.0
21102891,142349.66
21102892,646859.3
21102893,1255770.1
21102894,785187.5
21102895,415103.28
21102896,2287114.0
21102897,1793059.2
21102898,2087521.8
21102899,883393.6
21102900,329164.34
21102901,1600496.8
21102902,461642.1
21102903,368834.6
21102904,565633.2
21102905,620186.44
21102906,1793674.1
21102907,2106843.5
21102908,586389.7
21102909,705454.94
21102910,1015057.3
21102911,369322.53
21102912,321609.94
21102913,162552.02
21102914,804970.0
21102915,448638.97
21102916,571620.75
21102917,812279.6
21102918,233400.7
21102919,235896.02
21102920,1449486.6
21102921,379837.2
21102922,1255906.0
21102923,410533.5
21102924,687540.4
21102925,1150292.5
21102926,1867779.0
21102927,442912.28
21102928,832836.94
21102929,429413.34
21102930,2438911.0
21102931,1749313.1
21102932,210366.33
21102933,2582024.5
21102934,1229143.0
21102935,1272111.2
21102936,382063.56
21102937,919694.56
21102938,1016425.94
21102939,626311.06
21102940,644808.56
21102941,316020.44
21102942,359494.34
21102943,337004.78
21102944,1015815.0
21102945,149782.47
21102946,1087804.8
21102947,516159.22
21102948,1618122.9
21102949,1243417.1
21102950,2272921.2
21102951,869880.3
21102952,323477.7
21102953,626779.56
21102954,617464.44
21102955,843202.6
21102956,451091.6
21102957,506415.6
21102958,361419.8
21102959,2247077.0
21102960,546389.44
21102961,161127.94
21102962,848228.94
21102963,795876.2
21102964,1404044.0
21102965,607879.0
21102966,1792892.9
21102967,366655.84
21102968,5010216.0
21102969,1292480.6
21102970,840699.9
21102971,2241740.5
21102972,3484609.8
21102973,357197.25
21102974,180918.86
21102975,217882.61
21102976,1717610.4
21102977,831045.44
21102978,2518471.8
21102979,680034.4
21102980,1261647.5
21102981,380593.2
21102982,1501512.2
21102983,659480.5
21102984,732385.56
21102985,1403769.2
21102986,442276.72
21102987,413083.22
21102988,1807749.4
21102989,407583.97
21102990,1120360.2
21102991,1453728.5
21102992,980199.44
21102993,1776608.0
21102994,682106.3
21102995,622303.0
21102996,1610730.5
21102997,1903652.9
21102998,196936.0
21102999,1508598.6
21103000,594721.4
21103001,773881.3
21103002,2098205.0
21103003,2261917.8
21103004,1053271.9
21103005,561864.6
21103006,745931.44
21103007,2047283.5
21103008,938281.1
21103009,498231.7
21103010,2058419.5
21103011,481032.8
21103012,347466.12
21103013,878835.4
21103014,1020299.6
21103015,1008501.4
21103016,1750020.8
21103017,437838.6
21103018,4011667.5
21103019,1358581.1
21103020,937604.8
21103021,2728667.2
21103022,705454.94
21103023,1495910.0
21103024,1596507.1
21103025,562323.94
21103026,1206036.8
21103027,1301363.6
21103028,1726741.9
21103029,2281991.8
21103030,2808915.0
21103031,1453998.5
21103032,308914.4
21103033,675218.44
21103034,350197.47
21103035,911880.9
21103036,571998.7
21103037,1323427.2
21103038,543635.3
21103039,346987.84
21103040,666363.6
21103041,1000065.1
21103042,3251098.0
21103043,828355.5
21103044,375515.5
21103045,3549747.0
21103046,622706.8
21103047,1226315.1
21103048,518724.6
21103049,1274049.6
21103050,744530.1
21103051,575762.56
21103052,657529.2
21103053,356763.0
21103054,3212393.5
21103055,374762.7
21103056,1404027.6
21103057,610689.0
21103058,1114282.6
21103059,911542.0
21103060,921172.56
21103061,1803822.9
21103062,390957.2
21103063,2451223.0
21103064,424173.28
21103065,3094513.2
21103066,2525413.2
21103067,864110.7
21103068,1047601.6
21103069,1428673.4
21103070,903819.1
21103071,310637.4
21103072,622088.1
21103073,430465.72
21103074,2040260.8
21103075,712854.94
21103076,946543.06
21103077,150670.55
21103078,2326562.8
21103079,2659457.5
21103080,934853.44
21103081,288531.72
21103082,374403.7
21103083,3284788.5
21103084,1278194.0
21103085,2212437.8
21103086,801363.8
21103087,3183828.2
21103088,1522894.1
21103089,343586.62
21103090,922375.94
21103091,132683.55
21103092,1049526.1
21103093,911880.9
21103094,2474630.0
21103095,1248283.9
21103096,2594364.0
21103097,650140.1
21103098,781845.25
21103099,681959.25
21103100,1865824.4
21103101,1219655.2
21103102,2831988.8
21103103,1202798.0
21103104,744815.25
21103105,835975.94
21103106,828371.0
21103107,740829.7
21103108,3357360.5
21103109,964526.75
21103110,1715220.5
21103111,2811607.0
21103112,842461.2
21103113,1038826.56
21103114,871557.9
21103115,1059488.1
21103116,1124670.1
21103117,666364.94
21103118,864118.94
21103119,730622.7
21103120,675269.25
21103121,336301.7
21103122,134735.4
21103123,1112469.8
21103124,1594348.6
21103125,826257.0
21103126,251817.56
21103127,376107.75
21103128,3224745.2
21103129,566658.2
21103130,1701000.6
21103131,1766512.1
21103132,76751.22
21103133,617052.2
21103134,781689.8
21103135,650949.06
21103136,904622.56
21103137,436417.12
21103138,414311.78
21103139,3121258.5
21103140,1031337.4
21103141,1479768.4
21103142,1836007.2
21103143,2172861.8
21103144,1580213.5
21103145,4643427.5
21103146,783884.56
21103147,902615.44
21103148,1420890.6
21103149,3826887.2
21103150,206543.36
21103151,306782.25
21103152,808981.75
21103153,829763.56
21103154,1240151.4
21103155,1631889.8
21103156,725501.0
21103157,460952.56
21103158,1368688.2
21103159,786233.94
21103160,407834.25
21103161,413668.06
21103162,1217986.0
21103163,1294445.0
21103164,311013.5
21103165,575015.75
21103166,868469.5
21103167,1463017.5
21103168,675269.25
21103169,1921343.5
21103170,428948.22
21103171,1545831.6
21103172,1364459.2
21103173,832498.8
21103174,567049.0
21103175,805481.3
21103176,691305.44
21103177,608779.2
21103178,1681991.8
21103179,993815.75
21103180,521641.03
21103181,1756283.2
21103182,2337658.8
21103183,3092968.5
21103184,1483053.6
21103185,68541.375
21103186,418170.4
21103187,525046.94
21103188,3826914.8
21103189,2100051.0
21103190,1185382.9
21103191,1051308.0
21103192,1554966.6
21103193,1091554.0
21103194,706683.44
21103195,2291361.8
21103196,513272.2
21103197,1005125.8
21103198,1521993.0
21103199,853860.94
21103200,3025515.5
21103201,1256676.4
21103202,2294718.8
21103203,2767482.8
21103204,559110.0
21103205,817468.2
21103206,589957.25
21103207,839985.5
21103208,842793.3
21103209,1871717.2
21103210,168475.53
21103211,67367.5
21103212,328829.0
21103213,622648.1
21103214,319952.22
21103215,1636325.4
21103216,56440.492
21103217,98434.336
21103218,243747.81
21103219,977673.75
21103220,1852619.0
21103221,866449.56
21103222,919039.75
21103223,2004877.6
21103224,527547.5
21103225,1285872.5
21103226,880089.8
21103227,2146833.8
21103228,349562.1
21103229,1652490.9
21103230,360242.25
21103231,1682150.1
21103232,1001816.4
21103233,680304.25
21103234,942060.1
21103235,888126.1
21103236,437426.9
21103237,1540450.8
21103238,767621.7
21103239,1640200.8
21103240,836341.0
21103241,380323.84
21103242,318535.84
21103243,972396.3
21103244,470064.12
21103245,1056450.4
21103246,876564.25
21103247,2573664.2
21103248,1682430.0
21103249,1296194.1
21103250,597035.56
21103251,346552.7
21103252,388350.3
21103253,934792.25
21103254,529259.3
21103255,995232.0
21103256,1511963.8
21103257,853592.06
21103258,1534035.0
21103259,1068845.0
21103260,419365.12
21103261,1584782.9
21103262,913133.8
21103263,1614198.0
21103264,846203.3
21103265,680304.25
21103266,104814.766
21103267,898138.06
21103268,632101.44
21103269,787780.75
21103270,1152259.9
21103271,2104230.0
21103272,2009684.6
21103273,2154008.2
21103274,931806.44
21103275,1391384.6
21103276,1406213.5
21103277,454644.97
21103278,1264842.1
21103279,1269666.2
21103280,1564127.2
21103281,5043041.5
21103282,1321670.6
21103283,2380492.2
21103284,1538401.8
21103285,1368777.6
21103286,975383.8
21103287,700456.3
21103288,2959245.2
21103289,1566241.4
21103290,1708327.5
21103291,2091127.9
21103292,1508350.2
21103293,1403948.8
21103294,1263907.6
21103295,742336.75
21103296,1120352.5
21103297,2568161.5
21103298,828525.3
21103299,1466843.8
21103300,664163.44
21103301,617739.8
21103302,1111799.8
21103303,1840729.9
21103304,2447321.0
21103305,932295.9
21103306,2058293.4
21103307,2871518.8
21103308,3013834.8
21103309,838041.8
21103310,1570582.9
21103311,1049744.6
21103312,1132175.4
21103313,1212356.0
21103314,2438894.0
21103315,1639955.5
21103316,833636.0
21103317,629935.56
21103318,646859.3
21103319,2708073.5
21103320,1804639.6
21103321,1098651.6
21103322,1104262.0
21103323,778344.25
21103324,301513.78
21103325,1650426.6
21103326,1357820.0
21103327,725753.56
21103328,115301.266
21103329,312710.2
21103330,1357486.4
21103331,1204755.4
21103332,497046.25
21103333,1047951.9
21103334,1454892.6
21103335,1236142.8
21103336,598485.4
21103337,188342.42
21103338,218077.02
21103339,256357.7
21103340,446642.3
21103341,1694636.6
21103342,600915.7
21103343,597050.44
21103344,760125.0
21103345,359736.3
21103346,109915.87
21103347,534404.0
21103348,461325.5
21103349,1033841.7
21103350,178920.86
21103351,2243206.8
21103352,630563.06
21103353,728000.1
21103354,365599.22
21103355,1015133.3
21103356,1372384.1
21103357,648157.94
21103358,418618.5
21103359,1170722.0
21103360,1653733.2
21103361,1563138.4
21103362,590891.8
21103363,1670158.1
21103364,2037528.5
21103365,513516.22
21103366,146530.3
21103367,622899.1
21103368,4029100.0
21103369,652135.4
21103370,1332001.2
21103371,810642.8
21103372,117170.28
21103373,310528.7
21103374,315489.06
21103375,1729624.0
21103376,461425.3
21103377,3291535.8
21103378,55450.15
21103379,416320.1
21103380,661369.7
21103381,669171.9
21103382,1387866.5
21103383,1745481.5
21103384,392471.9
21103385,379266.88
21103386,1643706.2
21103387,586390.44
21103388,1998979.9
21103389,4938033.0
21103390,1660160.0
21103391,1380226.8
21103392,112304.24
21103393,2140555.0
21103394,474414.6
21103395,4973919.5
21103396,2517318.5
21103397,1055301.2
21103398,355424.12
21103399,406999.16
21103400,322722.78
21103401,1036302.0
21103402,850001.8
21103403,1144666.8
21103404,2447078.8
21103405,640446.56
21103406,867622.06
21103407,668009.4
21103408,274624.25
21103409,985055.5
21103410,354191.47
21103411,1858176.1
21103412,1265011.8
21103413,2075527.0
21103414,1232255.0
21103415,2080009.6
21103416,896352.3
21103417,865628.1
21103418,936029.94
21103419,801868.7
21103420,156600.05
21103421,613487.0
21103422,306393.66
21103423,454325.03
21103424,1051170.2
21103425,1059673.2
21103426,1369716.2
21103427,1227921.8
21103428,833065.3
21103429,954782.75
21103430,1557860.9
21103431,1882728.9
21103432,1039959.4
21103433,1583133.6
21103434,1618184.2
21103435,280176.7
21103436,1476488.2
21103437,1479863.4
21103438,3177800.5
21103439,329117.78
21103440,2831232.0
21103441,2240929.0
21103442,2359385.0
21103443,1190170.2
21103444,3644868.0
21103445,667401.06
21103446,208692.39
21103447,314213.0
21103448,684352.2
21103449,947170.06
21103450,1502209.5
21103451,1391569.6
21103452,3192178.5
21103453,631171.7
21103454,162652.58
21103455,117941.29
21103456,936099.7
21103457,914898.56
21103458,404323.88
21103459,337878.78
21103460,516228.72
21103461,672293.8
21103462,1667178.0
21103463,1181207.4
21103464,532455.6
21103465,3781363.2
21103466,210939.6
21103467,1511725.0
21103468,971485.44
21103469,1774287.1
21103470,819998.7
21103471,1516965.9
21103472,1117597.2
21103473,331320.75
21103474,624796.3
21103475,1302439.5
21103476,298366.88
21103477,1711675.4
21103478,852988.25
21103479,86854.71
21103480,385192.84
21103481,1599335.4
21103482,795365.8
21103483,396583.03
21103484,3033937.5
21103485,418750.56
21103486,388771.53
21103487,1182612.9
21103488,1095136.0
21103489,152124.6
21103490,180747.47
21103491,771522.7
21103492,338242.97
21103493,1529564.6
21103494,2567192.8
21103495,385208.06
21103496,190641.67
21103497,555847.75
21103498,901451.56
21103499,183761.28
21103500,2656857.2
21103501,1116877.6
21103502,663752.1
21103503,992565.7
21103504,282105.3
21103505,782697.44
21103506,1198570.2
21103507,143127.92
21103508,617751.9
21103509,2219233.5
21103510,990927.0
21103511,2226220.5
21103512,1764033.9
21103513,2031460.1
21103514,964322.06
21103515,742336.75
21103516,854051.06
21103517,1121434.1
21103518,618358.7
21103519,1488700.2
21103520,153226.44
21103521,516561.7
21103522,1128885.4
21103523,326820.25
21103524,670061.56
21103525,1014549.1
21103526,2039436.1
21103527,830919.94
21103528,372953.75
21103529,207685.78
21103530,1405454.5
21103531,698855.2
21103532,967075.75
21103533,375872.03
21103534,515718.66
21103535,1586108.5
21103536,2014026.2
21103537,427475.9
21103538,779041.0
21103539,428035.7
21103540,679554.06
21103541,879883.5
21103542,1024060.8
21103543,350630.7
21103544,323386.03
21103545,630976.2
21103546,764907.56
21103547,2075625.6
21103548,709819.25
21103549,951540.75
21103550,1911765.5
21103551,235119.94
21103552,905702.5
21103553,469762.4
21103554,3300617.0
21103555,1916531.2
21103556,2499259.2
21103557,1061786.1
21103558,701701.1
21103559,717759.9
21103560,271768.6
21103561,473373.25
21103562,543219.2
21103563,638998.25
21103564,626367.0
21103565,61266.7
21103566,380593.2
21103567,2242308.2
21103568,1646721.4
21103569,344375.53
21103570,1012978.44
21103571,434718.16
21103572,913198.8
21103573,1134894.2
21103574,1144309.2
21103575,916673.6
21103576,2656857.2
21103577,1257117.8
21103578,1128042.1
21103579,735701.1
21103580,2123266.0
21103581,669501.94
21103582,437969.22
21103583,1276038.9
21103584,168475.53
21103585,1682150.1
21103586,195894.92
21103587,668290.4
21103588,1655808.1
21103589,663752.1
21103590,745307.3
21103591,1202401.2
21103592,543623.56
21103593,819899.1
21103594,2450257.0
21103595,789292.3
21103596,376088.72
21103597,704984.6
21103598,273872.97
21103599,1188414.6
21103600,870049.44
21103601,1387987.0
21103602,484696.34
21103603,951443.7
21103604,1782745.6
21103605,123721.79
21103606,464014.3
21103607,1309018.9
21103608,392368.72
21103609,947293.25
21103610,622932.06
21103611,1084739.8
21103612,1694636.6
21103613,933900.1
21103614,465441.72
21103615,1326236.5
21103616,570629.9
21103617,511786.7
21103618,1720556.5
21103619,584954.06
21103620,881310.0
21103621,644349.3
21103622,1553845.5
21103623,797876.2
21103624,1196857.5
21103625,851857.94
21103626,1188504.2
21103627,560273.56
21103628,130704.79
21103629,2637606.0
21103630,144171.2
21103631,1809969.8
21103632,605972.8
21103633,2179988.8
21103634,385647.1
21103635,348278.22
21103636,315690.38
21103637,932775.6
21103638,469362.12
21103639,1506657.5
21103640,1011949.75
21103641,1682150.1
21103642,741260.94
21103643,1227177.8
21103644,2036778.4
21103645,366987.38
21103646,343826.06
21103647,1434365.4
21103648,386259.03
21103649,1151518.2
21103650,1467503.4
21103651,840986.94
21103652,123176.04
21103653,1669327.1
21103654,2577480.5
21103655,263139.66
21103656,1289636.4
21103657,1132843.6
21103658,1148811.5
21103659,203157.17
21103660,175885.92
21103661,3015163.2
21103662,131972.97
21103663,219924.36
21103664,2448531.5
21103665,282316.12
21103666,600847.8
21103667,395229.38
21103668,1135887.2
21103669,1121165.4
21103670,1618440.2
21103671,904419.7
21103672,1162622.9
21103673,2012407.8
21103674,2273104.5
21103675,797157.9
21103676,2560302.2
21103677,1594551.1
21103678,718709.4
21103679,834044.44
21103680,1290130.9
21103681,694116.6
21103682,575959.94
21103683,1383144.0
21103684,2359517.8
21103685,1438245.5
21103686,1493715.4
21103687,2085495.8
21103688,796398.25
21103689,2329077.2
21103690,343870.7
21103691,415100.03
21103692,247861.92
21103693,643794.5
21103694,713141.75
21103695,349325.03
21103696,370564.3
21103697,735202.3
21103698,654155.56
21103699,1084612.4
21103700,2384026.2
21103701,586821.3
21103702,1075584.0
21103703,1262322.6
21103704,1268707.4
21103705,748001.56
21103706,2040679.2
21103707,936441.25
21103708,384185.56
21103709,1838289.8
21103710,562323.94
21103711,3666758.8
21103712,405154.25
21103713,1816655.0
21103714,986710.6
21103715,165145.94
21103716,426664.47
21103717,1157606.6
21103718,1905181.0
21103719,854528.6
21103720,1670105.8
21103721,933171.25
21103722,2149165.5
21103723,1692808.2
21103724,2674521.8
21103725,1175822.9
21103726,1171700.9
21103727,943277.6
21103728,457677.28
21103729,1262733.9
21103730,1237252.8
21103731,1410963.9
21103732,1319220.0
21103733,934652.5
21103734,1032955.0
21103735,1576420.8
21103736,439030.3
21103737,2244301.5
21103738,1077692.4
21103739,1849256.4
21103740,562677.06
21103741,2263254.5
21103742,1202637.8
21103743,910740.0
21103744,261730.14
21103745,516628.7
21103746,374260.4
21103747,1120808.8
21103748,851684.0
21103749,601256.56
21103750,792247.2
21103751,106559.91
21103752,398666.75
21103753,1474546.4
21103754,435738.97
21103755,1928272.6
21103756,1814221.5
21103757,259865.36
21103758,314213.0
21103759,3554146.8
21103760,1121252.4
21103761,1625884.0
21103762,354804.53
21103763,2171441.2
21103764,805889.6
21103765,645059.0
21103766,468919.47
21103767,599280.44
21103768,652602.0
21103769,657259.8
21103770,398350.6
21103771,810084.3
21103772,273982.56
21103773,421548.22
21103774,489928.62
21103775,1537343.0
21103776,471079.03
21103777,99885.52
21103778,1431680.9
21103779,1633396.1
21103780,2026580.4
21103781,594682.9
21103782,648173.44
21103783,2011840.4
21103784,1100282.1
21103785,315525.0
21103786,381446.25
21103787,369837.47
21103788,770506.3
21103789,1111799.8
21103790,1758565.0
21103791,115301.266
21103792,1786220.1
21103793,2371052.0
21103794,1497109.2
21103795,816232.8
21103796,1479420.9
21103797,561567.44
21103798,522875.0
21103799,827962.1
21103800,703904.8
21103801,56879.754
21103802,484409.0
21103803,1473177.0
21103804,534686.4
21103805,184341.5
21103806,937004.25
21103807,1221801.5
21103808,1383299.8
21103809,679554.06
21103810,1614198.0
21103811,330859.66
21103812,1026179.8
21103813,2381595.0
21103814,3279104.2
21103815,803501.25
21103816,680304.25
21103817,570264.9
21103818,3781845.0
21103819,1513915.6
21103820,2770420.5
21103821,662134.75
21103822,689867.4
21103823,455977.12
21103824,167527.45
21103825,415605.75
21103826,1041574.56
21103827,2661806.8
21103828,1243760.4
21103829,921549.25
21103830,825676.5
21103831,987597.9
21103832,675680.56
21103833,885223.1
21103834,496458.6
21103835,431599.44
21103836,766047.25
21103837,1181557.4
21103838,1052036.0
21103839,1304989.9
21103840,1270739.0
21103841,620998.1
21103842,1390973.4
21103843,1066305.6
21103844,779222.7
21103845,1779686.8
21103846,1545081.5
21103847,1529542.0
21103848,3892366.8
21103849,425919.12
21103850,1377573.1
21103851,912789.25
21103852,2241670.8
21103853,727165.44
21103854,1174776.0
21103855,1483497.9
21103856,369602.84
21103857,803733.7
21103858,776706.06
21103859,531990.56
21103860,408384.2
21103861,1965558.2
21103862,371518.22
21103863,1340673.4
21103864,772330.5
21103865,333451.38
21103866,775138.44
21103867,1264839.0
21103868,914624.56
21103869,795305.75
21103870,328396.06
21103871,143007.16
21103872,1503834.2
21103873,1042720.4
21103874,273157.4
21103875,210378.4
21103876,766920.0
21103877,399516.34
21103878,908657.3
21103879,637540.75
21103880,529623.94
21103881,2169251.5
21103882,719210.1
21103883,244752.8
21103884,236280.06
21103885,233535.5
21103886,901846.2
21103887,2827782.8
21103888,590055.06
21103889,1599615.1
21103890,596545.25
21103891,1684471.5
21103892,865450.1
21103893,345885.44
21103894,508301.62
21103895,619173.1
21103896,786447.25
21103897,974491.44
21103898,599193.06
21103899,937869.8
21103900,526155.4
21103901,220491.2
21103902,315924.34
21103903,1117948.2
21103904,594682.9
21103905,103345.82
21103906,703321.94
21103907,485572.2
21103908,303500.3
21103909,1232922.6
21103910,1336037.9
21103911,599083.4
21103912,1453105.8
21103913,950601.44
21103914,1239341.9
21103915,1257105.6
21103916,335272.78
21103917,470142.8
21103918,680304.25
21103919,338392.84
21103920,417478.6
21103921,653969.7
21103922,2558786.2
21103923,804080.0
21103924,4273344.5
21103925,2057900.1
21103926,652956.25
21103927,2590645.0
21103928,48366.633
21103929,1696395.5
21103930,2796207.8
21103931,584729.75
21103932,1414071.5
21103933,567369.56
21103934,2186306.8
21103935,127370.5
21103936,631171.7
21103937,677238.9
21103938,1563928.0
21103939,1574890.8
21103940,937869.8
21103941,1558166.9
21103942,1443665.6
21103943,1026568.6
21103944,351553.62
21103945,1775148.2
21103946,555637.4
21103947,348906.5
21103948,494920.34
21103949,794018.56
21103950,430076.88
21103951,1163708.0
21103952,1071793.9
21103953,2455505.0
21103954,343786.7
21103955,731710.9
21103956,458893.7
21103957,654459.25
21103958,570568.7
21103959,1897096.1
21103960,1692129.1
21103961,1444829.8
21103962,1074790.0
21103963,638501.0
21103964,1451729.6
21103965,1944292.4
21103966,607569.8
21103967,300542.22
21103968,1545387.4
21103969,188838.47
21103970,360713.5
21103971,1037272.06
21103972,274587.9
21103973,1357511.9
21103974,865841.1
21103975,1101721.8
21103976,407164.0
21103977,2382539.2
21103978,1066835.1
21103979,2690043.5
21103980,1125260.6
21103981,2961846.8
21103982,1244618.9
21103983,2046129.1
21103984,1090047.4
21103985,1069182.2
21103986,434875.9
21103987,430596.75
21103988,328180.7
21103989,5047029.0
21103990,1582925.2
21103991,313017.44
21103992,1105917.0
21103993,1747836.9
21103994,741732.9
21103995,959678.2
21103996,1047992.3
21103997,1263105.0
21103998,269281.25
21103999,1497894.2
21104000,2022995.2
21104001,2038325.0
21104002,255789.84
21104003,1090100.6
21104004,687345.5
21104005,703978.25
21104006,1917140.6
21104007,841442.1
21104008,389891.0
21104009,775494.06
21104010,385132.3
21104011,1442361.8
21104012,2148648.0
21104013,433449.3
21104014,362117.8
21104015,122386.56
21104016,777458.44
21104017,333294.03
21104018,971466.3
21104019,3253851.5
21104020,2024398.9
21104021,1255446.1
21104022,1792892.9
21104023,505305.8
21104024,1236562.8
21104025,1873791.5
21104026,640284.6
21104027,97788.586
21104028,1467806.1
21104029,247490.75
21104030,1005898.25
21104031,2453759.2
21104032,1261110.6
21104033,363916.47
21104034,1174262.6
21104035,840529.4
21104036,1976872.0
21104037,1963452.9
21104038,943825.1
21104039,195333.2
21104040,786066.3
21104041,972043.6
21104042,912516.8
21104043,375569.4
21104044,1004439.8
21104045,800339.2
21104046,2819222.2
21104047,227125.7
21104048,786516.2
21104049,389513.7
21104050,1351801.4
21104051,642423.3
21104052,210061.6
21104053,139424.9
21104054,752562.44
21104055,833919.9
21104056,813034.56
21104057,271855.38
21104058,1185910.5
21104059,565437.7
21104060,446423.78
21104061,200500.58
21104062,466936.2
21104063,643621.44
21104064,1390973.4
21104065,372372.12
21104066,904490.56
21104067,2721650.5
21104068,835536.0
21104069,1848100.9
21104070,1386908.1
21104071,2256683.5
21104072,1484726.6
21104073,2041429.4
21104074,107855.51
21104075,1563602.4
21104076,2770570.2
21104077,1269844.5
21104078,2017796.5
21104079,2563442.2
21104080,324866.4
21104081,408827.06
21104082,4219404.5
21104083,2083406.2
21104084,1299931.5
21104085,1452983.6
21104086,975564.3
21104087,233370.31
21104088,1724622.0
21104089,1158518.8
21104090,952092.1
21104091,448612.5
21104092,1021003.6
21104093,854207.44
21104094,2676697.2
21104095,447536.03
21104096,1334448.9
21104097,1180136.9
21104098,666452.7
21104099,959710.44
21104100,603962.44
21104101,447245.1
21104102,496961.94
21104103,731099.6
21104104,1566395.6
21104105,3833365.0
21104106,246005.05
21104107,692078.1
21104108,1439234.4
21104109,1348931.9
21104110,762408.25
21104111,806715.0
21104112,542730.4
21104113,1239211.8
21104114,736693.06
21104115,638885.2
21104116,1090749.9
21104117,910945.9
21104118,1148732.9
21104119,1176315.0
21104120,357469.03
21104121,2447078.8
21104122,988624.7
21104123,332252.25
21104124,665226.56
21104125,833956.9
21104126,1060440.9
21104127,943646.44
21104128,546287.56
21104129,878495.2
21104130,1461681.5
21104131,966803.3
21104132,837881.1
21104133,1101921.1
21104134,1091269.5
21104135,688969.94
21104136,713727.06
21104137,849359.25
21104138,1199033.9
21104139,790830.1
21104140,752311.7
21104141,302093.28
21104142,605972.8
21104143,800323.06
21104144,356061.9
21104145,915640.7
21104146,571250.9
21104147,924021.2
21104148,452384.88
21104149,1712910.9
21104150,1041086.75
21104151,89909.33
21104152,332117.88
21104153,2176113.8
21104154,454117.1
21104155,518073.94
21104156,882320.8
21104157,296320.03
21104158,3262315.2
21104159,985446.3
21104160,810961.7
21104161,937829.75
21104162,2308523.2
21104163,2336426.5
21104164,639873.3
21104165,2395789.0
21104166,1481650.5
21104167,393917.88
21104168,1333970.2
21104169,210975.56
21104170,1654728.8
21104171,410029.97
21104172,558843.3
21104173,339903.78
21104174,402877.78
21104175,127132.305
21104176,472148.7
21104177,663576.56
21104178,774361.7
21104179,912458.2
21104180,1952617.4
21104181,999844.75
21104182,174987.11
21104183,917312.3
21104184,937869.8
21104185,1788291.6
21104186,261652.69
21104187,190228.45
21104188,1600085.5
21104189,251506.84
21104190,937869.8
21104191,1750020.8
21104192,1505090.2
21104193,99073.97
21104194,2202504.0
21104195,669152.1
21104196,455865.88
21104197,690226.8
21104198,1114063.5
21104199,479923.8
21104200,1184645.0
21104201,913398.44
21104202,1288642.9
21104203,450914.2
21104204,391875.38
21104205,396736.3
21104206,353059.4
21104207,84788.836
21104208,733312.1
21104209,1721778.1
21104210,915162.56
21104211,130245.62
21104212,2562252.8
21104213,2049124.4
21104214,4390365.0
21104215,1039257.0
21104216,594588.06
21104217,1192987.5
21104218,724819.5
21104219,1001990.2
21104220,498052.2
21104221,1043749.06
21104222,454360.66
21104223,965276.94
21104224,1312334.6
21104225,664316.56
21104226,1820554.6
21104227,1295446.1
21104228,706028.6
21104229,463724.34
21104230,570033.8
21104231,3288202.0
21104232,700639.1
21104233,712519.9
21104234,657259.8
21104235,711759.06
21104236,1215773.9
21104237,782888.3
21104238,1146678.5
21104239,235148.92
21104240,230118.69
21104241,1391384.6
21104242,1899156.8
21104243,663790.56
21104244,1659784.1
21104245,668132.56
21104246,1720848.8
21104247,2835348.2
21104248,319205.1
21104249,506328.28
21104250,677693.44
21104251,253354.05
21104252,180477.6
21104253,950011.56
21104254,2132090.2
21104255,1368852.2
21104256,267586.7
21104257,130292.516
21104258,1034232.25
21104259,3220328.5
21104260,1488700.2
21104261,1097757.9
21104262,1020554.06
21104263,614942.9
21104264,374473.9
21104265,573683.44
21104266,3425369.2
21104267,156646.14
21104268,370473.22
21104269,2279623.2
21104270,312285.03
21104271,1073498.4
21104272,204165.58
21104273,451283.3
21104274,2074956.9
21104275,1812359.6
21104276,913989.75
21104277,937869.8
21104278,367808.25
21104279,1801909.0
21104280,633487.4
21104281,1468342.8
21104282,2203567.2
21104283,252778.77
21104284,1081230.5
21104285,2018569.1
21104286,2296753.5
21104287,828497.1
21104288,703491.3
21104289,377731.9
21104290,597050.44
21104291,645743.1
21104292,2726604.8
21104293,1579665.8
21104294,349725.0
21104295,244306.84
21104296,2342411.5
21104297,4095336.8
21104298,1902182.1
21104299,687508.5
21104300,745968.56
21104301,4317568.5
21104302,379179.7
21104303,877756.0
21104304,246594.2
21104305,1944890.2
21104306,768673.44
21104307,906661.6
21104308,817663.06
21104309,1901407.4
21104310,1129019.5
21104311,1563200.4
21104312,204702.52
21104313,398882.88
21104314,540912.5
21104315,2384965.0
21104316,544527.56
21104317,1035293.5
21104318,194368.58
21104319,5494405.5
21104320,209842.94
21104321,356360.38
21104322,508902.1
21104323,1121081.6
21104324,1778199.0
21104325,349085.4
21104326,680304.25
21104327,450265.0
21104328,1288740.0
21104329,774951.8
21104330,386573.72
21104331,1112382.6
21104332,1732590.0
21104333,878387.8
21104334,1714259.4
21104335,363254.53
21104336,2205784.5
21104337,407297.56
21104338,909769.25
21104339,771911.4
21104340,1149527.9
21104341,838445.44
21104342,645099.5
21104343,571811.25
21104344,1642606.2
21104345,448393.06
21104346,1368931.4
21104347,948948.94
21104348,1262841.4
21104349,3070531.2
21104350,2068218.0
21104351,1842851.4
21104352,1942895.9
21104353,1078760.6
21104354,2204959.8
21104355,823554.56
21104356,1071538.9
21104357,1451793.9
21104358,228088.4
21104359,1236127.4
21104360,330802.16
21104361,1972370.6
21104362,235189.6
21104363,2886289.5
21104364,363796.1
21104365,527545.06
21104366,471908.34
21104367,1043679.7
21104368,454591.22
21104369,622768.94
21104370,1251647.8
21104371,2210126.2
21104372,1008571.25
21104373,1147336.2
21104374,664329.44
21104375,1432928.6
21104376,1966538.5
21104377,1293013.5
21104378,2495599.8
21104379,467612.3
21104380,445079.94
21104381,1211804.4
21104382,809381.4
21104383,660323.9
21104384,1641734.2
21104385,1116289.2
21104386,1795911.9
21104387,876370.5
21104388,1204509.5
21104389,2204767.5
21104390,151252.72
21104391,2470283.0
21104392,2603818.5
21104393,982012.3
21104394,350538.88
21104395,2201101.5
21104396,1874308.6
21104397,2971226.0
21104398,627528.1
21104399,701760.5
21104400,792726.0
21104401,1939006.0
21104402,260242.02
21104403,2134571.5
21104404,947697.4
21104405,1098784.2
21104406,2264525.5
21104407,1300092.6
21104408,1156965.8
21104409,649919.06
21104410,2067753.5
21104411,888534.75
21104412,894018.25
21104413,441116.97
21104414,591056.2
21104415,1695800.8
21104416,1047435.6
21104417,1287223.6
21104418,364513.4
21104419,2589872.0
21104420,100311.52
21104421,814998.25
21104422,1333970.2
21104423,792922.3
21104424,724770.1
21104425,76021.3
21104426,813256.75
21104427,1418667.6
21104428,1227612.4
21104429,1729454.0
21104430,3105076.0
21104431,268842.16
21104432,232489.83
21104433,939640.06
21104434,363077.97
21104435,2246841.8
21104436,565320.44
21104437,4842901.5
21104438,712434.06
21104439,888737.6
21104440,2380562.8
21104441,1027318.8
21104442,794070.6
21104443,715259.8
21104444,438914.44
21104445,735463.25
21104446,422014.84
21104447,845602.44
21104448,1033760.1
21104449,1755959.4
21104450,1468987.6
21104451,2696750.5
21104452,1317199.1
21104453,773379.5
21104454,554131.4
21104455,1290130.9
21104456,1898229.4
21104457,1005258.1
21104458,725800.56
21104459,223723.81
21104460,1438920.1
21104461,461467.4
21104462,4407907.0
21104463,1645101.8
21104464,3544761.8
21104465,2914393.8
21104466,194621.44
21104467,292611.62
21104468,615193.1
21104469,453279.25
21104470,594682.9
21104471,564397.25
21104472,657259.8
21104473,1500289.1
21104474,471702.4
21104475,226179.36
21104476,1638753.2
21104477,2900092.2
21104478,607327.4
21104479,658549.94
21104480,132695.83
21104481,1113700.2
21104482,302329.22
21104483,878806.7
21104484,670766.5
21104485,563481.2
21104486,373264.94
21104487,1363575.9
21104488,292106.12
21104489,1567096.9
21104490,574351.7
21104491,2032426.0
21104492,417444.72
21104493,1895138.1
21104494,1803863.1
21104495,789895.25
21104496,304366.7
21104497,1580887.9
21104498,262880.38
21104499,2058735.2
21104500,1694636.6
21104501,576787.6
21104502,761792.56
21104503,255428.05
21104504,376027.06
21104505,679886.44
21104506,1594040.5
21104507,1113174.9
21104508,118404.79
21104509,1478617.8
21104510,1636296.0
21104511,829039.7
21104512,562951.75
21104513,208031.81
21104514,654346.0
21104515,911086.6
21104516,301936.22
21104517,836726.25
21104518,2722881.5
21104519,2360021.8
21104520,180071.06
21104521,706713.9
21104522,1412833.1
21104523,752965.94
21104524,577252.56
21104525,1545727.4
21104526,683808.06
21104527,838047.1
21104528,553151.7
21104529,432761.1
21104530,596440.6
21104531,189564.0
21104532,2570656.0
21104533,1023209.7
21104534,346512.4
21104535,806852.44
21104536,1282363.9
21104537,1195217.6
21104538,870198.75
21104539,2231744.8
21104540,325122.88
21104541,1223291.8
21104542,195099.66
21104543,716368.44
21104544,1200780.5
21104545,293557.56
21104546,809128.0
21104547,1119029.5
21104548,384887.22
21104549,1020554.06
21104550,405982.47
21104551,834009.25
21104552,679219.44
21104553,662776.7
21104554,1316174.4
21104555,680304.25
21104556,581884.9
21104557,2571904.5
21104558,977203.1
21104559,1024285.5
21104560,626906.3
21104561,1857921.4
21104562,490798.8
21104563,68275.39
21104564,944727.75
21104565,2696000.2
21104566,804509.06
21104567,1635575.2
21104568,1179908.6
21104569,678862.06
21104570,2831790.8
21104571,532529.4
21104572,2193704.5
21104573,1002767.8
21104574,1394616.8
21104575,3226819.2
21104576,2517041.8
21104577,1725068.2
21104578,864037.8
21104579,1473980.5
21104580,2312149.2
21104581,1605499.4
21104582,1484727.9
21104583,1840565.0
21104584,335205.22
21104585,244294.25
21104586,251511.83
21104587,1537824.5
21104588,1548394.2
21104589,1191987.1
21104590,2568317.8
21104591,725860.0
21104592,1493333.4
21104593,1838625.0
21104594,2910788.0
21104595,1519741.1
21104596,218330.8
21104597,642743.1
21104598,331472.03
21104599,218533.88
21104600,698185.7
21104601,256721.16
21104602,2246865.5
21104603,255010.03
21104604,975017.75
21104605,2039831.9
21104606,1865417.0
21104607,773302.44
21104608,678798.3
21104609,2231744.8
21104610,916878.2
21104611,336280.56
21104612,683984.94
21104613,1603282.5
21104614,902572.5
21104615,2091987.6
21104616,170640.05
21104617,792297.3
21104618,5306123.0
21104619,348326.1
21104620,838694.75
21104621,1383169.4
21104622,803501.25
21104623,899888.56
21104624,424921.28
21104625,1067287.4
21104626,237073.98
21104627,597627.75
21104628,2313108.5
21104629,390777.9
21104630,895300.8
21104631,590913.94
21104632,284582.53
21104633,3031895.8
21104634,475986.34
21104635,565899.6
21104636,2468232.8
21104637,262938.38
21104638,947704.56
21104639,398798.5
21104640,401388.25
21104641,2709574.0
21104642,1377333.4
21104643,1461681.5
21104644,276433.72
21104645,992636.1
21104646,620575.4
21104647,1977301.6
21104648,854847.2
21104649,2418254.0
21104650,933555.44
21104651,1606266.4
21104652,1109264.5
21104653,128963.43
21104654,2041279.0
21104655,1923992.6
21104656,1697543.1
21104657,1346849.9
21104658,1482156.9
21104659,971871.4
21104660,1090027.8
21104661,171024.83
21104662,486181.44
21104663,378225.62
21104664,1376135.0
21104665,958807.75
21104666,2013315.4
21104667,366268.4
21104668,160237.14
21104669,657280.25
21104670,406802.3
21104671,2581923.0
21104672,763340.25
21104673,728968.2
21104674,2032450.5
21104675,2966982.2
21104676,368576.88
21104677,771689.75
21104678,122521.06
21104679,1064058.4
21104680,1409540.1
21104681,1363978.0
21104682,1320824.6
21104683,791640.1
21104684,416954.1
21104685,2697903.8
21104686,376584.38
21104687,977949.75
21104688,2349883.2
21104689,335674.2
21104690,177408.34
21104691,1680881.0
21104692,2004877.6
21104693,1085020.9
21104694,668653.1
21104695,1120808.8
21104696,3307761.8
21104697,994373.4
21104698,939754.6
21104699,1709634.4
21104700,1384834.8
21104701,414795.78
21104702,306709.5
21104703,3282513.8
21104704,911097.25
21104705,1333970.2
21104706,936338.8
21104707,3004213.0
21104708,634459.06
21104709,2012999.9
21104710,356210.3
21104711,919157.7
21104712,421862.56
21104713,360242.25
21104714,917668.3
21104715,635335.2
21104716,2148639.8
21104717,295055.44
21104718,1488624.1
21104719,369308.22
21104720,875072.8
21104721,3518986.0
21104722,702385.9
21104723,560896.0
21104724,762241.3
21104725,1474540.8
21104726,183649.92
21104727,2572662.0
21104728,1641815.4
21104729,462384.72
21104730,1211227.1
21104731,1262939.0
21104732,612283.06
21104733,2385995.0
21104734,837951.9
21104735,663860.06
21104736,1672121.6
21104737,2275686.0
21104738,728577.44
21104739,1210979.1
21104740,370368.25
21104741,208756.6
21104742,416309.6
21104743,857759.9
21104744,633214.25
21104745,1295474.0
21104746,903684.44
21104747,4357220.0
21104748,1071916.6
21104749,631726.4
21104750,608423.75
21104751,847884.6
21104752,2970193.0
21104753,258858.48
21104754,1901407.4
21104755,334408.28
21104756,1599746.6
21104757,1209973.9
21104758,622171.0
21104759,232687.5
21104760,817775.6
21104761,1257654.8
21104762,715716.06
21104763,2006863.0
21104764,2488577.5
21104765,1366252.9
21104766,430757.28
21104767,2018431.2
21104768,319290.5
21104769,1324082.4
21104770,927112.5
21104771,2851492.8
21104772,2127786.0
21104773,863254.5
21104774,1500766.5
21104775,1018853.06
21104776,875234.9
21104777,643475.3
21104778,1086436.2
21104779,1111260.6
21104780,1074529.2
21104781,4473321.0
21104782,1425849.4
21104783,5037503.5
21104784,4141768.0
21104785,808953.06
21104786,1235921.5
21104787,1390973.4
21104788,927314.7
21104789,2564538.2
21104790,888994.25
21104791,204183.08
21104792,971466.3
21104793,1495940.5
21104794,1640180.2
21104795,4830628.5
21104796,5234134.0
21104797,1095933.0
21104798,120644.78
21104799,391322.28
21104800,754797.94
21104801,491864.75
21104802,703990.06
21104803,859779.4
21104804,1319008.2
21104805,1342012.6
21104806,85139.695
21104807,248691.64
21104808,1435612.0
21104809,1120909.9
21104810,773066.06
21104811,913650.9
21104812,2569564.5
21104813,814759.0
21104814,670535.94
21104815,530433.44
21104816,1374889.5
21104817,735096.2
21104818,845959.4
21104819,326820.25
21104820,537869.6
21104821,357115.72
21104822,589924.06
21104823,1752756.4
21104824,571563.3
21104825,317525.5
21104826,251668.83
21104827,3613945.2
21104828,3177966.2
21104829,781352.06
21104830,914139.25
21104831,361807.25
21104832,1008717.9
21104833,1090142.2
21104834,491733.3
21104835,1361750.8
21104836,534946.3
21104837,3661014.8
21104838,3278166.2
21104839,396466.0
21104840,1666311.4
21104841,2145624.0
21104842,1392137.5
21104843,1204763.2
21104844,1263807.1
21104845,2299844.8
21104846,2393474.8
21104847,508247.3
21104848,835149.6
21104849,2202930.2
21104850,570784.2
21104851,473830.66
21104852,349095.53
21104853,1292350.4
21104854,870441.8
21104855,2500154.0
21104856,1372330.4
21104857,923373.25
21104858,246350.58
21104859,148915.55
21104860,1014722.0
21104861,882243.3
21104862,1529473.8
21104863,1659881.4
21104864,595805.44
21104865,3873915.0
21104866,2221313.0
21104867,705454.94
21104868,1460873.8
21104869,773072.0
21104870,123220.414
21104871,824588.94
21104872,1696377.0
21104873,181291.45
21104874,682106.3
21104875,333411.78
21104876,880485.9
21104877,870168.4
21104878,1652296.4
21104879,1217171.0
21104880,438018.2
21104881,1714565.9
21104882,642991.6
21104883,442276.78
21104884,3494038.8
21104885,498742.72
21104886,595260.2
21104887,364106.53
21104888,661369.7
21104889,575121.1
21104890,644688.2
21104891,1647929.5
21104892,614491.06
21104893,1056056.6
21104894,710713.4
21104895,814759.0
21104896,948735.1
21104897,416094.94
21104898,790790.8
21104899,2219233.5
21104900,536968.1
21104901,1077522.4
21104902,156390.16
21104903,893484.6
21104904,607966.25
21104905,605233.75
21104906,878258.06
21104907,2749068.5
21104908,976136.9
21104909,2570032.8
21104910,2707670.5
21104911,722365.1
21104912,1755770.5
21104913,1730195.0
21104914,1969151.2
21104915,876933.9
21104916,566348.2
21104917,1639586.6
21104918,313772.56
21104919,646859.3
21104920,567291.3
21104921,847586.9
21104922,2883378.8
21104923,612864.56
21104924,937869.8
21104925,1030695.44
21104926,1438425.6
21104927,627490.3
21104928,878716.0
21104929,564672.25
21104930,1916646.8
21104931,1029435.75
21104932,1120352.5
21104933,391822.44
21104934,720919.75
21104935,1316324.9
21104936,351306.06
21104937,230118.69
21104938,640677.5
21104939,2999885.8
21104940,1323876.8
21104941,1858176.1
21104942,1224600.6
21104943,682915.25
21104944,101708.78
21104945,428606.06
21104946,1816978.8
21104947,1633677.5
21104948,981986.7
21104949,606678.8
21104950,973062.4
21104951,564397.25
21104952,2454449.8
21104953,497562.44
21104954,2917930.0
21104955,960621.44
21104956,956890.44
21104957,825939.06
21104958,158254.86
21104959,2118144.0
21104960,971070.56
21104961,1355317.6
21104962,982510.44
21104963,1002337.3
21104964,1551290.2
21104965,1031511.8
21104966,1212780.0
21104967,98496.69
21104968,853744.7
21104969,739519.6
21104970,174163.78
21104971,2220356.0
21104972,852025.2
21104973,828836.06
21104974,385698.28
21104975,1903051.4
21104976,1468698.5
21104977,1073037.5
21104978,213706.4
21104979,2396702.0
21104980,877706.2
21104981,742336.75
21104982,562435.5
21104983,1197883.2
21104984,2177302.2
21104985,644985.8
21104986,2648770.2
21104987,474135.0
21104988,1017218.3
21104989,169019.42
21104990,2208978.8
21104991,106741.97
21104992,1694636.6
21104993,1271217.2
21104994,539560.75
21104995,1170398.6
21104996,1447071.6
21104997,848726.94
21104998,1530858.9
21104999,2314479.8
21105000,385061.28
21105001,2571584.2
21105002,2140791.8
21105003,823113.56
21105004,1268907.1
21105005,440433.84
21105006,886346.56
21105007,682125.8
21105008,790752.25
21105009,728312.56
21105010,394466.75
21105011,774939.9
21105012,1262527.8
21105013,281993.34
21105014,1607192.6
21105015,409672.5
21105016,1718506.4
21105017,1076174.4
21105018,387408.2
21105019,208212.67
21105020,1993078.2
21105021,2418162.2
21105022,558619.6
21105023,384130.6
21105024,2138342.0
21105025,937869.8
21105026,539419.56
21105027,348393.9
21105028,2220831.2
21105029,393317.94
21105030,656353.1
21105031,993859.25
21105032,2097821.8
21105033,879079.4
21105034,1110240.1
21105035,358268.44
21105036,1167892.9
21105037,1573507.5
21105038,273152.84
21105039,1099674.1
21105040,1815808.4
21105041,931824.25
21105042,463000.6
21105043,1775607.1
21105044,2576236.2
21105045,1777063.4
21105046,1440960.4
21105047,1230833.9
21105048,574178.8
21105049,3170467.0
21105050,404594.44
21105051,1562409.4
21105052,1418367.9
21105053,1149143.5
21105054,682159.8
21105055,1017519.4
21105056,1419892.5
21105057,850480.94
21105058,1726352.4
21105059,657259.8
21105060,1749104.1
21105061,1018603.94
21105062,666580.4
21105063,602020.3
21105064,398690.28
21105065,3511088.5
21105066,745392.56
21105067,680715.56
21105068,311173.47
21105069,303241.88
21105070,715531.25
21105071,1241054.2
21105072,991911.44
21105073,866252.44
21105074,566971.4
21105075,1229989.2
21105076,341445.47
21105077,1560555.6
21105078,1509709.8
21105079,158197.67
21105080,403666.97
21105081,1956550.4
21105082,644015.25
21105083,1440528.1
21105084,2576219.5
21105085,971550.06
21105086,662009.6
21105087,1111799.8
21105088,1451327.0
21105089,1694636.6
21105090,1123408.6
21105091,3823381.0
21105092,419003.7
21105093,1004316.5
21105094,745226.56
21105095,1824152.2
21105096,1957300.5
21105097,1903643.2
21105098,1372384.1
21105099,720694.2
21105100,902922.5
21105101,210499.17
21105102,1417208.9
21105103,740480.5
21105104,836793.44
21105105,517195.84
21105106,300319.5
21105107,657808.4
21105108,901142.94
21105109,1089873.0
21105110,671987.25
21105111,439394.34
21105112,367980.94
21105113,2112957.2
21105114,168475.53
21105115,251735.42
21105116,808808.94
21105117,1564209.5
21105118,647016.9
21105119,953620.94
21105120,1120058.6
21105121,2245673.0
21105122,1546310.2
21105123,2194131.0
21105124,688521.1
21105125,330635.72
21105126,815248.06
21105127,728573.94
21105128,1915670.2
21105129,1901407.4
21105130,1005125.8
21105131,677857.3
21105132,808963.44
21105133,252952.52
21105134,766095.56
21105135,924879.1
21105136,680076.25
21105137,1958368.8
21105138,623929.44
21105139,1367134.5
21105140,1917140.6
21105141,1058834.6
21105142,911567.2
21105143,901451.56
21105144,1095312.1
21105145,1498838.5
21105146,705842.5
21105147,4954535.0
21105148,353763.75
21105149,2685008.8
21105150,525236.6
21105151,3085309.8
21105152,1199231.8
21105153,299755.25
21105154,2480118.2
21105155,1223851.5
21105156,2302322.0
21105157,2258569.5
21105158,1384173.4
21105159,864725.0
21105160,412197.0
21105161,589982.1
21105162,1314187.4
21105163,192170.34
21105164,682051.3
21105165,812279.6
21105166,2541254.0
21105167,1498537.2
21105168,901747.44
21105169,259649.45
21105170,1435518.1
21105171,463629.22
21105172,1211526.1
21105173,1694362.4
21105174,2239074.5
21105175,1170117.4
21105176,2198796.8
21105177,857938.9
21105178,1259091.0
21105179,649572.1
21105180,1252317.5
21105181,641737.56
21105182,1615311.4
21105183,292724.2
21105184,266888.28
21105185,1636252.9
21105186,4709853.0
21105187,297916.88
21105188,2037528.5
21105189,696497.56
21105190,580133.75
21105191,411802.78
21105192,1266844.6
21105193,694675.06
21105194,765459.4
21105195,606065.4
21105196,1823598.9
21105197,387614.25
21105198,296505.6
21105199,2031023.8
21105200,562317.3
21105201,671539.2
21105202,935210.0
21105203,453605.53
21105204,697708.25
21105205,198763.7
21105206,1575454.9
21105207,1202314.5
21105208,1020544.06
21105209,380728.47
21105210,915922.56
21105211,935465.56
21105212,1236783.9
21105213,1694636.6
21105214,249865.7
21105215,1259415.1
21105216,454323.25
21105217,2745997.5
21105218,645743.1
21105219,524589.1
21105220,153479.42
21105221,1365606.9
21105222,559498.1
21105223,2351980.5
21105224,435802.1
21105225,745539.3
21105226,2531660.5
21105227,340707.4
21105228,465731.25
21105229,2076889.4
21105230,988626.9
21105231,876729.44
21105232,215657.05
21105233,808982.8
21105234,783249.0
21105235,484378.78
21105236,1136303.0
21105237,1845710.0
21105238,1734694.1
21105239,516264.78
21105240,929241.2
21105241,657259.8
21105242,2196336.2
21105243,2102466.0
21105244,478539.4
21105245,1085418.4
21105246,609373.9
21105247,1495655.5
21105248,308529.9
21105249,3501661.5
21105250,728120.94
21105251,750717.8
21105252,347270.38
21105253,1098119.6
21105254,3722383.2
21105255,1047024.3
21105256,504097.22
21105257,645099.5
21105258,917214.3
21105259,1052231.1
21105260,568594.7
21105261,2552422.2
21105262,714563.06
21105263,1380731.1
21105264,1622208.8
21105265,680304.25
21105266,2620921.8
21105267,866463.25
21105268,3225162.5
21105269,990632.44
21105270,2077764.9
21105271,474915.7
21105272,322357.34
21105273,128773.664
21105274,775354.25
21105275,595337.7
21105276,1130791.9
21105277,422000.03
21105278,1670895.1
21105279,945501.7
21105280,803474.75
21105281,796738.2
21105282,1094980.1
21105283,1053526.9
21105284,3536075.0
21105285,811981.9
21105286,1288107.1
21105287,1058813.8
21105288,2237153.5
21105289,1265676.1
21105290,752625.9
21105291,493605.38
21105292,342444.8
21105293,2155414.5
21105294,187222.56
21105295,1026353.9
21105296,231230.98
21105297,498060.72
21105298,1718420.9
21105299,432332.25
21105300,2041429.4
21105301,590391.8
21105302,1189747.5
21105303,2281411.2
21105304,983709.94
21105305,434587.62
21105306,3086293.2
21105307,1035527.9
21105308,442988.72
21105309,1483769.0
21105310,1769795.0
21105311,1311883.5
21105312,636192.75
21105313,1338864.8
21105314,586426.5
21105315,974375.4
21105316,1432623.2
21105317,357607.7
21105318,1891845.5
21105319,735271.0
21105320,1203744.2
21105321,353369.06
21105322,617062.56
21105323,1266300.1
21105324,1535173.2
21105325,843459.9
21105326,363456.3
21105327,1483977.8
21105328,1310794.9
21105329,645743.1
21105330,1285488.4
21105331,2345260.0
21105332,4081200.2
21105333,1198376.9
21105334,875234.9
21105335,1693886.5
21105336,535094.94
21105337,1859025.1
21105338,440455.5
21105339,1209973.9
21105340,181640.06
21105341,1680806.0
21105342,492322.25
21105343,2276695.8
21105344,682907.4
21105345,4027410.2
21105346,341017.06
21105347,2197170.8
21105348,823077.9
21105349,1007307.0
21105350,250349.9
21105351,766903.2
21105352,594682.9
21105353,909407.5
21105354,1140054.0
21105355,1058751.6
21105356,2958100.5
21105357,181786.23
21105358,1142998.6
21105359,1576537.8
21105360,2153751.5
21105361,1643863.9
21105362,258313.05
21105363,253162.81
21105364,577573.44
21105365,326820.25
21105366,1845620.0
21105367,1262661.5
21105368,1694636.6
21105369,1175258.2
21105370,1749376.9
21105371,1659231.0
21105372,2743461.2
21105373,370046.72
21105374,255179.78
21105375,368576.88
21105376,1380123.6
21105377,1583450.8
21105378,1642310.9
21105379,2827782.8
21105380,355596.97
21105381,338354.8
21105382,1673087.4
21105383,514358.84
21105384,3219149.8
21105385,2010157.1
21105386,1674881.4
21105387,1151311.5
21105388,307668.3
21105389,1059255.4
21105390,1523694.0
21105391,371116.97
21105392,2024073.9
21105393,3295194.5
21105394,1211313.5
21105395,2326227.8
21105396,2563385.5
21105397,1072149.1
21105398,660099.06
21105399,227910.34
21105400,2684404.5
21105401,629248.4
21105402,996854.6
21105403,355850.34
21105404,472999.28
21105405,718931.75
21105406,265783.6
21105407,1055038.2
21105408,1118128.2
21105409,3109794.5
21105410,590859.94
21105411,2567738.5
21105412,154814.56
21105413,2152614.2
21105414,1019538.4
21105415,243819.1
21105416,759303.8
21105417,4169331.8
21105418,1111808.0
21105419,942179.3
21105420,1555716.8
21105421,1460793.5
21105422,1195559.6
21105423,704234.44
21105424,1114190.1
21105425,75424.12
21105426,793745.8
21105427,638074.75
21105428,937376.6
21105429,1452991.2
21105430,285323.56
21105431,1425566.9
21105432,826833.56
21105433,680756.06
21105434,733406.7
21105435,2601915.0
21105436,1023900.06
21105437,1789692.1
21105438,1485629.5
21105439,952035.4
21105440,98763.91
21105441,422820.2
21105442,208502.97
21105443,820528.7
21105444,680304.25
21105445,234784.64
21105446,185798.72
21105447,246444.75
21105448,751607.44
21105449,939427.6
21105450,822912.5
21105451,1074868.2
21105452,553029.7
21105453,410550.53
21105454,385010.8
21105455,1575556.2
21105456,801092.06
21105457,311180.06
21105458,303057.94
21105459,1522535.5
21105460,341120.06
21105461,1346741.4
21105462,363803.53
21105463,1230400.5
21105464,945466.2
21105465,118241.28
21105466,851907.6
21105467,1748931.0
21105468,4689364.0
21105469,298497.84
21105470,2579355.5
21105471,404648.25
21105472,102645.234
21105473,1014722.0
21105474,696060.44
21105475,712930.4
21105476,406854.0
21105477,1438214.8
21105478,1011913.8
21105479,1719806.4
21105480,1019950.4
21105481,2133676.8
21105482,498866.2
21105483,509464.9
21105484,699814.6
21105485,705454.94
21105486,415710.84
21105487,260941.98
21105488,666903.8
21105489,912292.2
21105490,782117.7
21105491,1436258.6
21105492,3109478.2
21105493,669477.1
21105494,1815386.6
21105495,365039.44
21105496,1027275.94
21105497,858654.9
21105498,356975.22
21105499,627512.6
21105500,451962.2
21105501,1425978.1
21105502,855007.25
21105503,1425520.0
21105504,147456.73
21105505,345409.88
21105506,333459.9
21105507,993640.94
21105508,612577.2
21105509,937869.8
21105510,410562.44
21105511,343495.34
21105512,1665998.8
21105513,2264215.0
21105514,929456.25
21105515,1262850.2
21105516,917831.0
21105517,643057.06
21105518,774975.75
21105519,601194.06
21105520,552810.7
21105521,1005147.25
21105522,1313409.2
21105523,1505464.9
21105524,272454.22
21105525,1297796.5
21105526,2028210.9
21105527,1089489.4
21105528,467692.84
21105529,929120.6
21105530,703869.25
21105531,981262.1
21105532,563510.44
21105533,364031.7
21105534,1569786.1
21105535,1189355.8
21105536,1465062.8
21105537,973944.1
21105538,567393.4
21105539,1617154.4
21105540,1358486.1
21105541,3279206.2
21105542,1667444.1
21105543,970418.5
21105544,475794.78
21105545,775718.06
21105546,882282.06
21105547,2104384.5
21105548,1113778.9
21105549,834046.8
21105550,1229989.2
21105551,3378397.0
21105552,1606260.2
21105553,619173.1
21105554,388890.03
21105555,947132.6
21105556,1032031.25
21105557,571984.1
21105558,592016.1
21105559,299579.1
21105560,794505.1
21105561,212444.28
21105562,672567.3
21105563,1024667.3
21105564,3183377.5
21105565,1312832.0
21105566,785826.6
21105567,769967.8
21105568,1112596.4
21105569,1941361.2
21105570,870650.94
21105571,1021584.3
21105572,489125.62
21105573,1694636.6
21105574,1720766.5
21105575,179662.89
21105576,404428.25
21105577,2293196.0
21105578,198019.02
21105579,1416457.1
21105580,317409.1
21105581,311341.94
21105582,366910.9
21105583,133276.0
21105584,2249579.2
21105585,1692036.8
21105586,2279953.8
21105587,278649.3
21105588,970659.25
21105589,1173873.4
21105590,1330699.6
21105591,1108867.6
21105592,1823572.9
21105593,762634.0
21105594,1307854.4
21105595,452459.28
21105596,431717.44
21105597,1374605.4
21105598,2123137.0
21105599,1338969.6
21105600,1130750.2
21105601,1227707.0
21105602,856048.4
21105603,668740.1
21105604,1624518.5
21105605,513989.4
21105606,2307870.5
21105607,115610.46
21105608,960873.1
21105609,2829560.8
21105610,2042667.4
21105611,785505.94
21105612,325326.47
21105613,340256.34
21105614,1050661.1
21105615,567859.94
